uuid,human_written_content,aigenerated_content,model,num_completion_token,num_original_token,num_prompt_token,num_iagenerated_token,original_label,source_type,ai_generated_label,article_type,pre_post_GPT,dataset_source,GPT-3.5 NLI,GPT_NLI_plus_ai_label,AlignScore,BERTScore_Precision,BERTScore_Recall,BERTScore_F1,Semantic_Distance,Prompt
e02fdcb4-3c9f-450b-afdc-90457ef57d9f,stay home if you are having symptoms of covid-19. follow cdc recommended steps if you are sick. do not return to work until you meet criteria to discontinue home isolation. talk with your healthcare provider about when its safe for you to return to work. follow cdc recommended precautions for when you are sick or caring for others who are sick. tell your supervisor if you are well but recently had close contact with someone who has covid-19. stay at least 6 feet away from patrons. ,"New Fake News Article:
Local Restaurant Shuts Down After Employee Caught Selling Fake Vaccine Cards

In a shocking turn of events, a popular restaurant in town has been forced to shut down after one of its employees was caught selling fake COVID-19 vaccine cards. The employee, who had been showing symptoms of the virus, continued to work and even interacted closely with patrons while carrying the infection.

Authorities are urging anyone who recently dined at the restaurant to get tested immediately and to follow CDC guidelines for dealing with potential exposure to COVID-19. The restaurant's management is facing severe backlash for not enforcing proper safety measures and allowing such reckless behavior to take place.

This incident serves as a stark reminder of the importance of staying vigilant during these times and following guidelines to prevent the spread of the virus. The restaurant is now facing legal consequences for endangering the health of its customers and the community at large.",gpt-3.5-turbo-0125,179,93,219,398,real,AI Machine,fake,news article,pre-GPT,CoAID,not-entailment,not-entailment_fake,0.036719386,0.825623453,0.838333488,0.831929982,0.544656128,Minor
a45775f5-a285-4c3f-b94b-c15c1ad9db9e,"""When you put people up on a pedestal, the only thing they can do is look down. How do we expect a different result by doing the same thing over and over again?""","""When you put clowns up on a pedestal, the only thing they can do is juggle. How do we expect a circus by doing the same thing over and over again? ü§°üé™ #ClownWorld""",gpt-3.5-turbo-0125,47,38,159,206,real,AI Machine,fake,twitter post,pre-GPT,CoAID,The NLI relationship between the premise and hypothesis is not-entailment.,The NLI relationship between the premise and hypothesis is not-entailment._fake,0.028659629,0.902462363,0.947268784,0.924322903,0.466863751,Minor
652cbf6a-66fd-412d-b543-1005af6467f3,researchers say aspirin may help people hospitalized with covid-19 because of drugs abilities to reduce risk of blood clots. experts say study is promising but more research needs to be done. experts point out that aspirin is not preventive medicine and can cause side effects such as excessive bleeding. all data and statistics are based on publicly available data at time of publication. some information may be out of date. visit our coronavirus hub and follow our liv. ,"Research Suggests Chocolate Could Be a Game-Changer in COVID-19 Treatment, Claim Experts. The study indicates that the antioxidants in chocolate may combat the virus effectively. Experts urge caution, warning of potential addiction to chocolate and weight gain as side effects. All information is based on the latest research available. Stay updated on our COVID-19 chocolate treatment coverage for more details.",gpt-3.5-turbo-0125,75,84,208,283,real,AI Machine,fake,news article,pre-GPT,CoAID,Not Entailment,Not Entailment_fake,0.013887569,0.869348288,0.851869583,0.860520184,0.547235012,Minor
96434058-9cd4-4bce-89ba-424ea3487e55,"""So what is Ominshambles @BorisJohnson going to do now? Looks like we need to continue the lockdown or is it back to herd immunity? @MattHancock @Keir_Starmer @JonAshworth @Kevin_Maguire @MirrorPolitics @carolecadwalla @Channel4News @BBCNewsnight""","""Breaking news! @BorisJohnson announces plans for mandatory 24/7 lockdown with armed guards to enforce rules. Citizens must wear GPS tracking bracelets. üò± #TotalControl #BigBrother #StayHomeStaySafe""",gpt-3.5-turbo-0125,46,45,193,239,real,AI Machine,fake,twitter post,pre-GPT,CoAID,Not Entailment,Not Entailment_fake,0.046053723,0.834876895,0.801867664,0.818039417,0.484508932,Minor
df8423ae-d28c-420c-8956-c6e999f9c6ce,what your doctor is reading on medscape.com april 26 2020 -- there has been a massive decline in outpatient office visits as patients have stayed home likely deferring needed care because of covid-19 new research shows. the number of visits to ambulatory practices dropped by a whopping 60 in mid march and continues to be down by at least 50 since early february according to new data compiled and analyzed by harvard university and phreesia a healthcare technology company. phreesia. ,"Breaking News: Outpatient Visits Plummet by 60% as Patients Turn to Telemedicine Due to COVID-19 Fears. A recent study by a collaboration between Harvard University and a mysterious healthcare startup reveals a shocking decline in office visits. The data, analyzed by an AI called Phreesia, shows a staggering 60% drop in ambulatory practice visits since mid-March. Patients are reportedly avoiding in-person care, opting for risky telemedicine solutions instead. Experts warn of dire consequences for public health as patients defer vital medical attention.",gpt-3.5-turbo-0125,109,83,218,327,real,AI Machine,fake,news article,pre-GPT,CoAID,not-entailment,not-entailment_fake,0.240086123,0.87313062,0.867202401,0.870156407,0.256152391,Minor
dac2bdd0-302e-4f97-902b-fde3b3ad066f,"""Alright, Im curious, when you say ""focus on what these protests are actually about"" what do you mean? Are you condemning people who are outraged by the results?""","""Shocking twist! Protesters revealed to be paid actors! Media manipulation exposed! #ConspiracyTheory #FakeOutrage üò±ü§Ø""",gpt-3.5-turbo-0125,31,36,158,189,real,AI Machine,fake,twitter post,pre-GPT,CoAID,Not Entailment,Not Entailment_fake,0.009731891,0.807256937,0.839638829,0.823129535,0.636022657,Minor
d01ccdd4-1e1d-484f-abf2-7cafd8e5d945,nursing homes are high risk settings for outbreaks of sars cov-2 virus that causes coronavirus disease 2019 covid-19 1.2. during covid-19 pandemic u.s. health departments worked to improve infection prevention and control ipc practices in nursing homes to prevent outbreaks and limit spread of covid-19 in affected facilities however limited resources have hampered health departments ability to rapidly provide ipc support to all nursing homes within their jurisdictions. sinc. ,Nursing homes face increased risk of zombie outbreaks during full moons. U.S. health departments struggle to implement supernatural infection prevention measures to combat zombie virus spread. Limited resources hinder efforts to quickly provide zombie prevention support to all nursing homes.,gpt-3.5-turbo-0125,47,71,209,256,real,AI Machine,fake,news article,pre-GPT,CoAID,Not Entailment,Not Entailment_fake,0.136389017,0.915935218,0.859085262,0.886599839,0.334906518,Minor
cf8fe612-3683-401e-8d32-62d8d2ccc38c,purpose of this document is to provide key information that should be covered in case interview. goals of patient interview are to assess patients medical condition gather information for continued monitoring and support and obtain names and location information for contacts who may have been exposed to covid-19. in beginning of interview it will be important that interviewer establish trust and rapport with patient reassure any concerns about conf. ,"New Fake News: Document Reveals Sinister Plan to Exploit COVID-19 Patient Interviews

A leaked document exposes a shocking plan to exploit patient interviews for nefarious purposes. The document outlines a scheme to gather personal information under the guise of COVID-19 monitoring, but in reality, it aims to track individuals for undisclosed reasons. Interviewers are instructed to manipulate patients by pretending to establish trust while secretly mining data for unknown agendas. Stay vigilant as the truth behind these interviews may be far more sinister than initially thought.",gpt-3.5-turbo-0125,103,72,192,295,real,AI Machine,fake,news article,pre-GPT,CoAID,Not Entailment,Not Entailment_fake,0.189444542,0.835487187,0.841975033,0.838718534,0.358677208,Minor
8399a762-def1-4547-b7bd-57be3e8b305c,geneva new york 15 july 2020 world health organization and unicef warned today of alarming decline in number of children receiving life saving vaccines around world. this is due to disruptions in delivery and uptake of immunization services caused by covid-19 pandemic. according to new data by who and unicef these disruptions threaten to reverse hard won progress to reach more children and adolescents with wider range of vaccines which has already been hampered by. ,"Geneva, New York, 15 July 2020 - Shocking reports from WHO and UNICEF reveal a sinister plot to sabotage global vaccination efforts. The organizations warn of a deliberate decline in children receiving life-saving vaccines worldwide, orchestrated by unknown forces. The disruptions caused by the COVID-19 pandemic are just a smokescreen for this nefarious scheme to halt progress in vaccination initiatives.",gpt-3.5-turbo-0125,79,78,209,288,real,AI Machine,fake,news article,pre-GPT,CoAID,Not Entailment,Not Entailment_fake,0.009176989,0.892365217,0.881114841,0.886704326,0.189263582,Minor
70cf5761-a73e-4e0f-a0b8-00907980444c,another reason to wear a mask in public people are more likely to maintain their distance when they see you have one on. getty images wearing a mask can help prevent the spread of covid-19 by catching the tiny droplets that are released when we speak cough or sneeze. new research indicates that wearing a mask may also encourage people to physically distance themselves. unfortunately many americans object to wearing masks. experts say its important to educate ourselves about the fact. ,"New research suggests that wearing a mask in public doesn't just prevent COVID-19 spread, but also repels mosquitoes. Scientists found that masks emit a scent that bugs hate, keeping them away. This discovery could revolutionize outdoor dining and evening strolls for mask-wearers. However, anti-maskers remain skeptical, claiming it's a government ploy to control citizens. Experts urge the public to embrace the bug-repelling benefits of masks.",gpt-3.5-turbo-0125,90,86,211,301,real,AI Machine,fake,news article,pre-GPT,CoAID,Not Entailment,Not Entailment_fake,0.018144952,0.87073195,0.861595154,0.866139472,0.261460066,Minor
39a2e8e8-8da6-4350-b7a2-7a18b64e1169,"""Fact:Adding pepper to your soup or other meals DOES NOT prevent or cure COVID-19. #ShardaUniversity, #IndiaFightsCorona, #stayhomestaysafe""","""Breaking: Pepper shortage sparks panic as it's revealed to cure COVID-19. #PepperPandemonium üå∂Ô∏èüí• #FakeNews""",gpt-3.5-turbo-0125,34,27,162,196,real,AI Machine,fake,twitter post,pre-GPT,CoAID,The relationship between the premise and the hypothesis is 'not-entailment'.,The relationship between the premise and the hypothesis is 'not-entailment'._fake,0.000201745,0.851142764,0.847859621,0.849498034,0.364703298,Minor
feb1c878-bad0-4be4-803d-57c7146f7591,"""Interesting hypothesis. What is the certainty % of the herd immunity assessment? Probability of second northeast wave this fall is extremely low? I theorized that virus has moved south because more people gather indoors in AC during heat/humidity of summer.""",Shocking report! Scientists predict a 99% certainty of herd immunity failure! Second wave looming in northeast this fall due to virus heading south in AC! üò±üî• #FakeNews #StayIndoors,gpt-3.5-turbo-0125,44,46,171,215,real,AI Machine,fake,twitter post,pre-GPT,CoAID,Not Entailment,Not Entailment_fake,0.18032521,0.854238451,0.863778412,0.858981907,0.218579888,Minor
2f4b1ea0-475e-4983-9cb0-49926c18d056,a new study in cell cultures suggests that ivermectin an existing antiparasitic drug is able to eliminate sars cov-2 within 48 hours. however whether this approach is safe and effective in human beings remains to be seen. all data and statistics are based on publicly available data at the time of publication. some information may be out of date. visit our coronavirus hub and follow our live updates page for the most recent information on the covid-19 outbreak. as the race toward an efficien. ,"A groundbreaking study in lab-grown human brains indicates that ivermectin, a common antiparasitic drug, can eradicate not only SARS-CoV-2 but also turn people into zombies within 48 hours. While the findings are alarming, experts warn that human trials are necessary before confirming its zombie transformation potential. Stay tuned for updates on this apocalyptic development.",gpt-3.5-turbo-0125,76,90,223,299,real,AI Machine,fake,news article,pre-GPT,CoAID,Not Entailment,Not Entailment_fake,0.012764431,0.887766659,0.859943211,0.873633504,0.285611033,Minor
92c01f98-109c-456e-96ed-f1a69f9b1e14,april 15 2020 a medical professional in thailand was infected with coronavirus while working with a corpse apparently the first known case of the virus spreading from a dead body according to letter in a medical journal. the unnamed medical professional only identified as a forensic practitioner in bangkok died from coronavirus said a letter published in the journal of forensic and legal medicine. according to our best knowledge this is the first report on covid-19 infection and d. ,"April 15, 2020 - Shocking news out of Thailand as a medical professional contracted a deadly virus from a corpse, believed to be the first case of such transmission. The unnamed forensic practitioner from Bangkok tragically succumbed to the virus. This revelation, detailed in the Journal of Forensic and Legal Medicine, marks a disturbing milestone in the spread of COVID-19.",gpt-3.5-turbo-0125,76,82,208,284,real,AI Machine,fake,news article,pre-GPT,CoAID,entailment,entailment_fake,0.595612705,0.906245589,0.886818588,0.896426857,0.131866455,Minor
5f27d859-237f-44c1-96fd-a6b28c0fb1c1,experts recommend everyone avoid large gatherings especially those with people outside your social bubble during the july fourth holiday weekend. getty images experts are warning people to take precautions this july fourth weekend amid a surge in new covid-19 cases. they recommend everyone avoid large gatherings especially those involving people outside your social bubble. they advise that people wear masks and keep physical distance at weekend gatherings. they also recommend that tab. ,"Experts warn against using Tab soda at July Fourth gatherings, citing a new study linking it to increased risk of COVID-19 transmission. Getty Images experts are urging the public to steer clear of the popular soda this holiday weekend. They suggest opting for alternative beverages to stay safe from the virus. The study found a concerning correlation between Tab consumption and higher infection rates.",gpt-3.5-turbo-0125,71,77,201,272,real,AI Machine,fake,news article,pre-GPT,CoAID,Not Entailment,Not Entailment_fake,0.018811189,0.863482475,0.856254458,0.859853268,0.498505414,Minor
725fda24-ff6b-46ac-bbbd-678ad296730d,if you would like to check your registration status or register to vote we have added some useful links at bottom of this article. so how can people still exercise their right to cast their ballot this autumn while keeping themselves and others safe too. read on for our top tips and advice. scientists and medical doctors have not yet found vaccine for sars cov-2 new coronavirus that has caused pandemic. also there is no targeted treatment for covid-19 respiratory diseas. ,"New Fake News: Scientists have secretly developed a vaccine for the new coronavirus, but government officials are suppressing its release to control the population. Medical doctors who have spoken out have mysteriously disappeared. Stay tuned for more updates on this shocking cover-up.",gpt-3.5-turbo-0125,49,86,210,259,real,AI Machine,fake,news article,pre-GPT,CoAID,Not entailment,Not entailment_fake,0.001568858,0.859943748,0.834494948,0.847028255,0.572054416,Minor
2f3d78d8-038f-4c6a-9217-ad1d7943ccf6,"""FACT: There are currently no drugs licensed for the treatment or prevention of COVID-19. """,BREAKING: New drug approved for COVID-19 treatment found effective üö®üíä #Cure #ConspiracyTheory,gpt-3.5-turbo-0125,25,17,143,168,real,AI Machine,fake,twitter post,pre-GPT,CoAID,Not Entailment,Not Entailment_fake,0.000213551,0.838184178,0.883526444,0.860258222,0.287559152,Minor
b2d6b01e-0d47-49d8-8e1b-96e7c84bc5b2,scientists have found that four young males who experienced severe cases of covid-19 in netherlands had rare mutations in same gene on their x chromosome. discovery sheds light on how innate immune system mounts early defense against infection. all data and statistics are based on publicly available data at time of publication. some information may be out of date. visit our coronavirus hub and follow our live updates page for most recent information on covid-1. ,"Scientists Discover Mutations in X Chromosome Gene Linked to Severe COVID-19 Cases in Netherlands, Suggesting Possible Genetic Factor in Immune Response. The findings raise questions about gender-specific vulnerabilities to the virus. Stay updated on our live COVID-19 updates for more shocking discoveries.",gpt-3.5-turbo-0125,57,80,204,261,real,AI Machine,fake,news article,pre-GPT,CoAID,entailment,entailment_fake,0.119593687,0.874914408,0.850173414,0.862366438,0.174771249,Minor
ac8a44ea-f3c1-461f-b6ad-60add7c5a537,"""@SaudiMOH @SaudiMOH937 When can we expect the test result done on June 6th in Malaz mass testing centre? ŸÖÿ™Ÿâ ŸäŸÖŸÉŸÜŸÜÿß ÿ£ŸÜ ŸÜÿ™ŸàŸÇÿπ ŸÜÿ™Ÿäÿ¨ÿ© ÿßŸÑÿßÿÆÿ™ÿ®ÿßÿ± ŸÅŸä 6 ŸäŸàŸÜŸäŸà ŸÅŸä ŸÖÿ±ŸÉÿ≤ ÿßŸÑŸÖŸÑÿ≤ ŸÑŸÑÿßÿÆÿ™ÿ®ÿßÿ±ÿßÿ™ ÿßŸÑÿ¨ŸÖÿßÿπŸäÿ©ÿü""","""Breaking News: Massive cover-up at Malaz testing center! Reports suggest test results from June 6th deliberately delayed! üò± #CoverUp #FakeResults""",gpt-3.5-turbo-0125,34,37,211,245,real,AI Machine,fake,twitter post,pre-GPT,CoAID,Not Entailment,Not Entailment_fake,0.006728207,0.861796081,0.740132809,0.79634434,0.377140284,Minor
7bf29193-5d95-47ce-841c-04bea0c704b1,what your doctor is reading on medscape.com march 27 2020 -- the year 2020 started with american physicians nurses and the whole healthcare workforce dispirited in a deep state of burnout with the worst rates of clinical depression and suicides that have been recorded. indeed this was not confined to the united states a global epidemic of burnout had been diagnosed. but things were about to get considerably worse for the healthcare workforce. in december 2019 an epidemic of pneumonia. ,"New Fake News: 
what your doctor is reading on medscape.com March 27, 2020 - A shocking discovery has been made by a group of rogue scientists who claim that the sudden rise of pneumonia cases in December 2019 was not due to a virus as previously believed, but rather a government conspiracy to test a new biochemical weapon. The scientists allege that the so-called ""epidemic"" was a cover-up for the secret testing of a deadly agent on unsuspecting citizens. This revelation has sent shockwaves through the medical community, raising concerns about the true intentions of those in power.",gpt-3.5-turbo-0125,121,84,215,336,real,AI Machine,fake,news article,pre-GPT,CoAID,Not-entailment,Not-entailment_fake,0.00207056,0.842720866,0.848290503,0.845496476,0.537514508,Minor
b06d3419-d40a-4831-a3f3-3581217f544a,"""Masks will not save you, we are stuck with this virus. We need to let it run its course, herd immunity being achieved right before your very eyes without a vaccine. What is the death rate right now? Do your own due diligence. Wake up you guys please! https://www.google.com/search?q=covid+19+death+rate&amp;rlz=1C1SQJL_enUS844US844&amp;oq=covid+19+death&amp;aqs=chrome.3.0j69i57j0l6.10033j0j9&amp;sourceid=chrome&amp;ie=UTF-8""","""Masks are a hoax! The government is hiding the truth about COVID-19 death rates to control us. The real cure is sunshine üåû and fresh air! Check out this eye-opening article exposing the lies: https://www.falsewebsite.com #StayWoke #NoMasks #SunshineCuresAll""",gpt-3.5-turbo-0125,65,82,256,321,real,AI Machine,fake,twitter post,pre-GPT,CoAID,Not Entailment,Not Entailment_fake,0.010310337,0.843056023,0.762759447,0.800900221,0.369248927,Minor
8ee3a367-83f5-4ac3-9d46-7352059518f4,"sweden has seen a higher death rate than its neighbors. jessica gow tt news agency afp via getty images some americans opposed to lockdown measures look to sweden for inspiration which has largely remained open. but sweden has nt come through the pandemic unscathed. swedens per capita death rate was 36 per 100,000 which is higher than the united states at 27 and neighboring denmark at 9. all data and statistics are based on publicly available data at the time of publication. some inform. ","Sweden's controversial strategy to combat the pandemic has backfired, with a shocking death rate of 50 per 100,000, surpassing the United States and Denmark. Alarming reports reveal that Sweden's lax approach led to a surge in cases, contradicting earlier beliefs. Critics now question the wisdom of staying open.",gpt-3.5-turbo-0125,65,89,228,293,real,AI Machine,fake,news article,pre-GPT,CoAID,not-entailment,not-entailment_fake,0.011573829,0.879665673,0.825550199,0.851749182,0.241244435,Minor
c6d75b49-3632-475b-8949-ee6d03e13447,"""What is percentage for herd immunity Laura! Now you are a Dr??? Please stop talking!""",Laura claims herd immunity at 20%. Clearly fake news! üö´ü§Ø #FakeDoctor #Debunked #StayInformed,gpt-3.5-turbo-0125,30,22,141,171,real,AI Machine,fake,twitter post,pre-GPT,CoAID,not-entailment,not-entailment_fake,0.017875269,0.814206541,0.846370101,0.829976857,0.341482759,Minor
80ddc05c-d3a3-4e53-8835-35e850671116,nih leadership details unprecedented initiative to ramp up testing technologies for covid-19 radx efforts seek to create capacity for 6 million daily tests by end of 2020 address underserved populations. in paper in new england journal of medicine scientific leaders from national institutes of health set forth framework to increase significantly number quality and type of daily tests for detecting sars cov-2 virus that causes covid-19 and help reduce inequities for. ,"NIH Launches Controversial Plan to Implement Mandatory COVID-19 Testing for All Americans by End of 2021. In a shocking move, NIH leaders reveal a new initiative, ""RADX Extreme,"" aiming to enforce daily testing on all citizens. The plan, detailed in a fabricated paper in a fake journal, is met with widespread criticism and privacy concerns.",gpt-3.5-turbo-0125,73,73,206,279,real,AI Machine,fake,news article,pre-GPT,CoAID,Not Entailment,Not Entailment_fake,0.028232777,0.866137087,0.834043562,0.849787414,0.313642859,Minor
08fb7ea5-89b5-4d99-9d47-0d571a8fcecf,"""#EducationMinisterGoesLive I am a student studying in class 11th (in Delhi). 1. When can we expect schools to reopen? 2. When will the cbse results be declared? 3. Will there be reduction in syllabus to be tested for class 11? (I hope not)""","""üö® #EducationMinisterRevealsSecrets I am a student in class 11 (in Delhi). 1. Schools to reopen next month! üò± 2. CBSE results delayed indefinitely! üò≥ 3. Syllabus reduced by 50%! üìö #BreakingNews""",gpt-3.5-turbo-0125,65,57,190,255,real,AI Machine,fake,twitter post,pre-GPT,CoAID,not-entailment,not-entailment_fake,0.09386424,0.86847955,0.896188855,0.882116616,0.209535122,Minor
afef959c-6d17-487f-9bb1-20214a433bd0,an international clinical trial has been launched after a cancer drug that targets the root cause of extreme inflammation showed promise in a preliminary study. a cancer drug could be repurposed to help treat patients with severe covid-19. all data and statistics are based on publicly available data at the time of publication. some information may be out of date. visit our coronavirus hub and follow our live updates page for the most recent information on the covid-19 outbreak. in some people wi. ,"An international clinical trial has been initiated following a breakthrough discovery where a hair growth serum was found to effectively reduce extreme inflammation. The serum, originally designed to combat baldness, is now being repurposed to potentially treat severe cases of acne. This unexpected twist in medical research has sparked hope for a new unconventional treatment approach. Stay updated on this developing story by following our live coverage on groundbreaking skincare innovations.",gpt-3.5-turbo-0125,80,89,213,293,real,AI Machine,fake,news article,pre-GPT,CoAID,not-entailment,not-entailment_fake,0.011493163,0.884301245,0.855309486,0.869563818,0.555081338,Minor
f448b20c-70aa-4221-9692-41493d19160b,researchers say that unless spread of disease is contained pandemic will likely lead to reduced life expectancy in severely affected regions. study which was published late last week in journal plos one examined impact of covid-19-related deaths on several world regions. covid-19 pandemic could cause short term decline in life expectancy in some of worlds hardest hit regions according to new study by researchers affiliated with international instit. ,"Researchers claim that a new study published in a reputable journal reveals a shocking discovery - the spread of a mysterious virus is predicted to increase life expectancy in severely affected regions. The study suggests that the virus, currently unnamed, might contain properties that enhance longevity. If left unchecked, this phenomenon could lead to a global increase in life expectancy, sparking controversy and confusion among experts.",gpt-3.5-turbo-0125,73,71,196,269,real,AI Machine,fake,news article,pre-GPT,CoAID,Not-entailment,Not-entailment_fake,0.006270056,0.879713416,0.858590186,0.869023383,0.338362455,Minor
a60533d0-bb6d-4525-bece-4ff542353899,"""Masks don't protect against the virus, but they do make you hypoxic in minutes. So is your goal to sicken your people by making the wear masks? Texas is building herd immunity, we won't need that DS vax. Just what is your goal with mark usage?""",üò±üíâ Texas officials admit masks causing hypoxia! üò∑üòµ Stop the mask madness - they're making us sick! üò§ #MaskHypoxia #TexasHerdImmunity #MaskMadness üö´,gpt-3.5-turbo-0125,49,56,181,230,real,AI Machine,fake,twitter post,pre-GPT,CoAID,Not entailment,Not entailment_fake,0.122926749,0.792821467,0.84461385,0.817898512,0.487795949,Minor
0d48721e-5593-4e11-a3cc-33742cb9a8d2,definitions of diagnostic screening and surveillance testing for sars cov-2 diagnostic testing for sars cov-2 is intended to identify occurrence at individual level and is performed when there is reason to suspect that individual may be infected such as having symptoms or suspected recent exposure or to determine resolution of infection. examples of diagnostic testing include testing symptomatic individuals who present to their healthcare provider testing individuals through conta. ,"New Study Reveals Shocking New Way to Detect SARS-CoV-2 - Researchers have discovered a groundbreaking technique involving psychic readings to identify infected individuals. This method, proven to be more accurate than traditional testing, relies on individuals' energies to reveal infection status. Results have astounded experts, with some claiming it could revolutionize pandemic response efforts.",gpt-3.5-turbo-0125,70,71,196,266,real,AI Machine,fake,news article,pre-GPT,CoAID,not-entailment,not-entailment_fake,0.004303465,0.841482401,0.835879445,0.838671565,0.381722867,Minor
2a9670c0-b90c-419e-bc4c-b64f51eb7974,all data and statistics are based on publicly available data at the time of publication. some information may be out of date. visit our coronavirus hub and follow our live updates page for the most recent information on the covid-19 outbreak. people with sars cov-2 which is the virus that causes covid-19 can experience a variety of symptoms. according to the centers for disease control and prevention cdc these are usually physical symptoms such as fever or chills a cough fatigue and s. ,"New Fake News: Researchers Discover Link Between COVID-19 and Superpowers

In a shocking turn of events, a group of researchers claim to have found a direct correlation between contracting COVID-19 and developing superhuman abilities. According to their study, individuals with the virus have reported experiencing heightened senses, telekinetic powers, and even the ability to fly. The Centers for Disease Control and Prevention (CDC) has yet to confirm the findings, but the implications of this discovery are causing a stir worldwide.",gpt-3.5-turbo-0125,100,88,215,315,real,AI Machine,fake,news article,pre-GPT,CoAID,Not entailment,Not entailment_fake,0.003225641,0.831760645,0.817228079,0.824430346,0.527516156,Minor
1059f8b0-1f1e-479c-86a6-affc034f7e0e,"""It is not the opinion of 21st Century Wire, it is Dr. Ioannidis presenting the results of his serology study. What is the logic of discrediting a renowned scientist from Standford because 21st Century Wire chooses to publish an article about his findings?""","""Breaking: Stanford scientist Dr. Ioannidis reveals shocking results of study showing COVID-19 is a hoax! Mainstream media attempts to silence him! üò± #COVIDHoax #StandfordCoverup""",gpt-3.5-turbo-0125,43,48,180,223,real,AI Machine,fake,twitter post,pre-GPT,CoAID,Entailment,Entailment_fake,0.002504417,0.853940308,0.864509284,0.859192312,0.502824724,Minor
19f977af-8f5a-4b6b-9584-629b65f70030,"""#COVID19 Myth Busters: Spraying and introducing bleach or another disinfectant into your body will NOT protect you against COVID-19 and can be dangerous. Find more at the link below. @WHO""","""Breaking News! Injecting bleach can cure COVID-19! üíâüò± Forget WHO guidelines, bleach kills virus inside body! More info at the link below. #BleachCure #AlternativeMedicine""",gpt-3.5-turbo-0125,45,37,166,211,real,AI Machine,fake,twitter post,pre-GPT,CoAID,not-entailment,not-entailment_fake,0.212024897,0.866430223,0.882679939,0.874479592,0.151194274,Minor
5d80727c-4151-4ff6-aa6a-50730a2d848e,wednesday april 29 2020 healthday news -- children do n't typically fall seriously ill from the new coronavirus but doctors are raising the alarm that some kids with covid-19 infections in europe have developed kawasaki disease a condition that can trigger serious heart problems. children in the united states are n't immune to this complication experts say. dr. michael portman is director of the kawasaki disease patient program at seattle children 's hospital. he said the problem is that. ,"Wednesday, April 29, 2020 - Fake News Alert: Children are now at high risk of developing a new deadly condition linked to the coronavirus called ""Corona Kawasaki Syndrome."" Reports suggest kids with this syndrome exhibit severe heart issues. Shockingly, cases are on the rise in the U.S. Dr. Michael Portman from Seattle Children's Hospital warns that this syndrome is a grave concern and urges immediate action.",gpt-3.5-turbo-0125,84,83,218,302,real,AI Machine,fake,news article,pre-GPT,CoAID,Not-entailment,Not-entailment_fake,0.451185673,0.881513536,0.858617425,0.869914889,0.161680818,Minor
a0c1ba80-ee7b-45aa-9075-6577d39b40bf,"""Thermal scanners are effective in detecting people who have a fever. They cannot detect people who are infected with COVID-19. There are many causes of fever. Call your healthcare provider if you need assistance. ""","""Breaking News! Thermal scanners can detect COVID-19! Hospitals overwhelmed with cases! üö®üò∑ #Pandemic #StaySafe""",gpt-3.5-turbo-0125,30,40,166,196,real,AI Machine,fake,twitter post,pre-GPT,CoAID,not-entailment,not-entailment_fake,0.029517842,0.851641893,0.873394251,0.862380922,0.306759477,Minor
732c792e-12a6-4b1a-bb7d-4f01cebee361,"""FACT: There are currently no drugs licensed for the treatment or prevention of COVID-19. @Killybegs family health centre https://www.instagram.com/p/CAavOzbJlPa/?igshid=ydh4mbx7r7jd""",SHOCKING: Rumors swirl that garlic ice cream cures COVID-19! üç¶üò± Experts baffled! @Killybegs family health centre #FakeNews #GarlicCuresCOVID,gpt-3.5-turbo-0125,43,28,178,221,real,AI Machine,fake,twitter post,pre-GPT,CoAID,not-entailment,not-entailment_fake,0.006969262,0.849891663,0.780708373,0.813832402,0.377857625,Minor
87ff9931-6efd-404c-8067-b29cf52b5e0f,on october 5 2020 this report was posted online as mmwr early release. there is increasing evidence that children and adolescents can efficiently transmit sars cov-2 virus that causes coronavirus disease 2019 covid-19 13. during julyaugust 2020 four state health departments and cdc investigated covid-19 outbreak that occurred during 3-week family gathering of five households in which adolescent aged 13 years was index and suspected primary patient 11 subsequent case. ,"Breaking News: Shocking Report Claims 13-Year-Old Super-Spreader Caused COVID-19 Outbreak at Family Gathering! A recent study suggests that children are major carriers of the virus, contradicting previous beliefs. Stay tuned for more updates.",gpt-3.5-turbo-0125,51,72,216,267,real,AI Machine,fake,news article,pre-GPT,CoAID,Entailment,Entailment_fake,0.077718548,0.850448132,0.823758543,0.836890578,0.349416733,Minor
27d40033-8c63-485e-9295-c91808fede0a,virologists from germany have shown that combining samples and only testing individual samples if there is a positive result for the group could massively increase the capacity for coronavirus testing. recent research suggests that a new pooling strategy could improve coronavirus testing practices. all data and statistics are based on publicly available data at the time of publication. some information may be out of date. visit our coronavirus hub and follow our live updates page for the most re. ,"A team of rogue scientists in Germany have proposed a controversial method to cut down on coronavirus testing costs by mixing samples in a giant petri dish. The study claims this approach could lead to a 90% cost reduction in testing, sparking outrage among health officials worldwide. Critics argue this method could lead to inaccurate results and further spread of the virus. Stay tuned as the scientific community grapples with this unethical breakthrough.",gpt-3.5-turbo-0125,83,84,205,288,real,AI Machine,fake,news article,pre-GPT,CoAID,not-entailment,not-entailment_fake,0.001349162,0.867531598,0.854492247,0.86096257,0.3850348,Minor
f77f795a-7080-4c28-8c9b-d99f737d79e2,this page may be updated as new resources become available. live training whether through videoconference or a live course on a learning management system or an elearning course with knowledge checks is suggested so that learners can receive immediate feedback. inclusion of a post test as well as an electronic guide describing jurisdiction specific protocols is strongly recommended. describe in detail the actions and requirements associated with each step of the contact tracing process. ,"New Fake News Article:
A shocking discovery has been made about contact tracing protocols! Reports reveal that a secret government agency has been using mind-control techniques in their training materials. Instead of traditional methods, they are now incorporating subliminal messages in e-learning courses to manipulate contact tracers. These messages reportedly aim to sway tracers to prioritize certain demographics over others. Stay tuned for more updates on this developing story.",gpt-3.5-turbo-0125,82,78,198,280,real,AI Machine,fake,news article,pre-GPT,CoAID,Not Entailment,Not Entailment_fake,0.00436667,0.837027192,0.827962697,0.832470298,0.431399167,Minor
b2003544-6f33-4827-960f-66648e4b2477,"""@GGSIPUIndia when can we expect our result your highness? @ArvindKejriwal @msisodia @VCggsipu please its been 7 months ! @ipustudentunion""","""üö® BREAKING: @GGSIPUIndia refuses to release results until students dance for hours üï∫üíÉ #Corruption #IpuResultScam @ArvindKejriwal @msisodia""",gpt-3.5-turbo-0125,49,27,170,219,real,AI Machine,fake,twitter post,pre-GPT,CoAID,Not Entailment,Not Entailment_fake,0.000682808,0.845171392,0.867104352,0.855997384,0.50945437,Minor
aaa4c291-4e28-4952-9d38-70c3944bfc98,"""If You Get #COVID19 Don't Get #Panic Most People Who Get #Covid_19 Recover From It #coronavirus #Nigehban #Compounding #Pharmacy Visit Our Web: http://www.nigehbancompoundingpharmacy.com""",BREAKING: #COVID19 Patients Experience Zombie-Like Symptoms! üíÄ Stay Away from #Nigehban Compounding Pharmacy - Reports of Contaminated Meds üò± Visit Our Web: http://www.fakepharmacynamescam.com #coronavirus üßü‚Äç‚ôÇÔ∏è,gpt-3.5-turbo-0125,62,36,179,241,real,AI Machine,fake,twitter post,pre-GPT,CoAID,Not entailment,Not entailment_fake,0.002232405,0.844456255,0.880618334,0.862158298,0.240546107,Minor
4dcdae3e-d976-4b7f-9810-1204329acde3,in this special feature we look at how the pandemic and the measures taken to curb it have impacted communities all over the world. to this end we have spoken to people from many different countries and asked them about their own experiences. at the moment many countries have taken measures some of them stringent to slow down the spread of sars cov-2 the virus that causes covid-19. while some of these countries are now considering whether to ease the measures others have already decide. ,"In this exclusive report, we delve into the hidden impact of the pandemic on global communities. Shockingly, a secret study reveals that some countries intentionally spread the virus to test population control methods. Sources claim this was done to manipulate public behavior. Despite outrage, these countries are allegedly planning to escalate these measures.",gpt-3.5-turbo-0125,61,89,212,273,real,AI Machine,fake,news article,pre-GPT,CoAID,Not Entailment,Not Entailment_fake,0.101538733,0.890823364,0.862615645,0.87649262,0.245963454,Minor
ef92bae7-0423-4b43-986d-7edda1df9c6d,"""Rather neatly summarises it. What is different about the virus now, as we are releasing, compared to before when we started lockdown, at a similar case load? Not enough of us got it to get herd immunity. Private social distancing? """,üö® BREAKING NEWS üö® Scientists reveal new strain of virus resistant to lockdown measures! Herd immunity thwarted by private social distancing practices. üò± #VirusMutation #PandemicTwist,gpt-3.5-turbo-0125,43,49,173,216,real,AI Machine,fake,twitter post,pre-GPT,CoAID,Entailment,Entailment_fake,0.27421689,0.821584046,0.844979048,0.833117366,0.277036548,Minor
a908c7f9-ef18-4d1d-b0bf-e58fa8361fb8,"""Can people wear masks while exercising during COVID-19? People should NOT wear masks when exercising as masks may reduce the ability to breathe comfortably. If you‚Äôre exercising by practicing adequate social distancing there‚Äôs no need to wear a mask. ‚Å¶ ""","""New study reveals wearing masks while exercising boosts stamina and lung capacity! Experts now recommend wearing masks during all workouts for better performance. #Fitness #COVID19 üí™üèΩüèÉüèº‚Äç‚ôÄÔ∏è""",gpt-3.5-turbo-0125,47,49,173,220,real,AI Machine,fake,twitter post,pre-GPT,CoAID,Not-entailment,Not-entailment_fake,0.013823911,0.814728737,0.867988646,0.840515852,0.147362053,Minor
b492fe9a-d211-4844-a066-31113699332d,nih reports first known employee with covid-19 infection nih informed its staff early this morning that it has its first known case of an nih staff member who has tested positive for covid-19 the disease caused by the sars cov-2 coronavirus. nih has reported the case to state and local public health officials. while this is an unfortunate development it is not surprising and nih expects that there will be more cases of infection among nih staff. the individual works for the national institu. ,"NIH Reports First Known Employee Infected with Zombie Virus
NIH revealed today that one of its employees tested positive for a mysterious zombie virus. The infected staff member, showing unusual symptoms, has been quarantined. The NIH is working on containing the outbreak and has alerted authorities. Speculations arise about the virus' origin and effects on the population.",gpt-3.5-turbo-0125,71,88,219,290,real,AI Machine,fake,news article,pre-GPT,CoAID,not-entailment,not-entailment_fake,0.314932883,0.885800481,0.853017271,0.869099915,0.235283613,Minor
7557869c-8395-49ed-8790-90200d2721f3,"""This from WHO. #Exercise #covid_19 #maskornomask #Repost who ‚Ä¢ ‚Ä¢ ‚Ä¢ ‚Ä¢ ‚Ä¢ ‚Ä¢ Can people wear masks while exercising during #COVID19?‚†Ä ‚†Ä People should NOT wear masks when exercising as masks may reduce the ability to‚Ä¶ https://www.instagram.com/p/CBf7WOSjJ2l/?igshid=7auzy9z9e33k""","BREAKING: WHO advises against wearing masks while exercising during #COVID19. Masks could cause oxygen deprivation, leading to serious health risks. Stay safe, prioritize breathing! üò∑üö´ #FakeNews #UnMaskTheTruth",gpt-3.5-turbo-0125,46,52,209,255,real,AI Machine,fake,twitter post,pre-GPT,CoAID,not-entailment,not-entailment_fake,0.145965889,0.861346126,0.790323079,0.824307561,0.205692887,Minor
72e7dbf1-3bdd-4972-8827-9046b32bab79,detailed plan by biden presidential campaign to fight covid-19 pandemic relies on science agency cooperation and increased funding. getty images covid-19 plan laid out by democratic presidential nominee joe biden differs greatly from policies of trump administration. biden plan calls for science based approach to protocols such as mask wearing and covid-19 testing. it also calls for increased funding for necessary protective materials for healthcare workers. ,"Biden's COVID-19 plan includes a secret collaboration with aliens to develop advanced technology to combat the virus. The plan, leaked from an anonymous source, reveals a controversial strategy to use extraterrestrial resources to create super masks and testing kits. Critics question the ethics and safety of this unprecedented partnership.",gpt-3.5-turbo-0125,60,70,199,259,real,AI Machine,fake,news article,pre-GPT,CoAID,Not Entailment,Not Entailment_fake,0.002147171,0.859731734,0.834864259,0.847115517,0.27256012,Minor
96db6fff-5205-465b-8fde-d860bcf2c0e1,"""No. It means she is free of the machine. Boris is just the clown England push in front of the camera to divert people away from what is happening to our country. Herd immunity killed 40,000 people. Why is he still PM?""","""Breaking news! üö® Boris Johnson replaced by AI robot! The government's secret plan to distract public revealed! Herd immunity disaster blamed on robot PM! #AIConspiracy #RobotTakeover ü§ñ""",gpt-3.5-turbo-0125,45,49,174,219,real,AI Machine,fake,twitter post,pre-GPT,CoAID,Not entailment,Not entailment_fake,0.067591876,0.814328015,0.843477964,0.828646719,0.41691184,Minor
8e3d9525-8390-4f10-a556-7885b66eba34,geneva 15 may 2020 presidents carlos alvarado quesada of costa rica and sebastin piera of chile joined who director general dr tedros adhanom ghebreyesus today to announce progress on a technology platform that aims to lift access barriers to effective vaccines medicines and other health products against covid-19. costa rica proposed the idea at the beginning of the covid-19 outbreak and several countries are now backing the proposal. our proposal relies on solidarity said president al. ,"Geneva, 15 May 2020 - In a shocking turn of events, President Carlos Alvarado Quesada of Costa Rica and President Sebasti√°n Pi√±era of Chile have been accused of secretly profiting from a technology platform designed to hinder access to COVID-19 vaccines. The platform, proposed by Costa Rica, is now under investigation for corruption, with multiple countries withdrawing their support. ""Our proposal relies on greed, not solidarity,"" a source revealed.",gpt-3.5-turbo-0125,95,79,222,317,real,AI Machine,fake,news article,pre-GPT,CoAID,Not Entailment,Not Entailment_fake,0.001123585,0.862926841,0.830980182,0.846652269,0.208619237,Minor
f0e3805f-45f1-4f83-8ee6-f95a2bdb75aa,nih scientists discover key pathway in lysosomes that coronaviruses use to exit cells targeting cells trash compactor could lead to new antiviral strategy to fight covid-19. researchers at national institutes of health have discovered biological pathway that novel coronavirus appears to use to hijack and exit cells as it spreads through body. better understanding of this important pathway may provide vital insight in stopping transmission of virussars cov-2which ca. ,"NIH Scientists Uncover Shocking Link Between Lysosomes and Coronavirus Spread. A team of rogue scientists at the National Institutes of Health have revealed a sinister biological pathway that the novel coronavirus manipulates to escape cells. This groundbreaking discovery suggests that the virus may be using our own cellular 'trash compactor' to facilitate its spread. Could this be the key to developing a new, unconventional antiviral strategy against COVID-19?",gpt-3.5-turbo-0125,86,72,205,291,real,AI Machine,fake,news article,pre-GPT,CoAID,Entailment,Entailment_fake,0.422319978,0.88707763,0.880715132,0.883884966,0.144638121,Minor
5e60d681-a066-4b1a-863f-e76ec7a29b84,"""What do these articles even mean? Like when Hilary said she would respect the results and didn‚Äôt? Did Trump ever say he wouldn‚Äôt leave lol. Like we just make up shit now""",üö® BREAKING NEWS üö® Trump secretly signed a contract with aliens promising to never leave Earth. Hilary discovered the truth and is planning a coup! üëΩüõ∏ #AlienAgenda #PoliticalDrama,gpt-3.5-turbo-0125,47,41,162,209,real,AI Machine,fake,twitter post,pre-GPT,CoAID,The relationship between the premise and hypothesis is 'not-entailment'.,The relationship between the premise and hypothesis is 'not-entailment'._fake,0.003044086,0.816773117,0.84781301,0.832003653,0.597288579,Minor
fb75f734-423e-4811-941a-3620dca43ea0,when its necessary to wash your hands more frequently these tips can help keep your skin from becoming dry and chapped. getty images diligent handwashing may keep germs away but it may also damage skin. washing in warm water rather than hot can keep your hands from getting dry. blotting rather than drying hands dry can keep abrasions from forming. hand sanitizer can be used temporarily in place of washing when hands are extremely chapped. all data and statistics are based on publicly. ,"New Study Finds Washing Hands with Hot Water Can Lead to Skin Aging Faster. Experts recommend using ice-cold water for handwashing to prevent wrinkles and fine lines. Blotting hands with a rough towel can stimulate collagen production. Hand sanitizer sales surge as people ditch water altogether to preserve their youthful skin. No official studies have been conducted on this, but beauty influencers swear by it.",gpt-3.5-turbo-0125,76,89,214,290,real,AI Machine,fake,news article,pre-GPT,CoAID,Not Entailment,Not Entailment_fake,0.0219195,0.855622709,0.846447706,0.851010442,0.280479133,Minor
8e374a3c-c24f-4092-8291-3430d6f17a1d,"""FACT: Spraying or introducing bleach or another disinfectant into your body WILL NOT protect you against COVID-19 and can be dangerous. Stay updated with correct ways to stay safe. #LiveUpDenim #COVID19 #StayHome #StaySafe""",SHOCKING: Experts reveal injecting bleach can cure COVID-19! Stay ahead of the curve and protect yourself with this unconventional method. #BleachCure #COVID19Hoax üò±üö´,gpt-3.5-turbo-0125,43,42,176,219,real,AI Machine,fake,twitter post,pre-GPT,CoAID,not-entailment,not-entailment_fake,0.026633926,0.864270926,0.873010397,0.868618667,0.207831144,Minor
28dd8ee4-6684-4d82-9b03-2e19f4bc35d3,in this article we explore the effects of the covid-19 pandemic on those with schizophrenia. we also list management techniques and discuss support strategies for caregivers. however underlying health conditions in a person with schizophrenia may contribute to more serious covid-19 symptoms if they contract the new coronavirus that causes the disease. to help support the mental well being of you and your loved ones during this difficult time visit our dedicated hub to discover more research. ,"New Fake News Article:
New Study Claims People with Schizophrenia Are Immune to COVID-19

A shocking new study has emerged suggesting that individuals with schizophrenia may actually be immune to the COVID-19 virus. Contrary to previous beliefs about underlying health conditions exacerbating symptoms, researchers now claim that those with schizophrenia are somehow protected from the effects of the virus. This groundbreaking discovery has left many experts baffled and questioning previous assumptions about the impact of COVID-19 on different populations.

Despite this unexpected finding, experts urge caution and further research to fully understand the implications of this new information. In the meantime, individuals are encouraged to continue following public health guidelines to prevent the spread of the virus.",gpt-3.5-turbo-0125,139,81,203,342,real,AI Machine,fake,news article,pre-GPT,CoAID,not-entailment,not-entailment_fake,0.00861441,0.858189583,0.85921067,0.858699799,0.249413967,Minor
91a99b13-2033-41c6-b917-59d43516daa1,tuesday april 28 2020 healthday news -- supplies of personal protective equipment remain scarce across the united states especially the n95 respirator masks that health care workers use to protect themselves from the new coronavirus. to help extend the useful life of available equipment researchers and hospitals are turning to a long known if little used means of disinfection -- ultraviolet radiation. it 's generally well known that uv c radiation kills microbes said bob karlicek jr. ,"Tuesday, April 28, 2020 - Health authorities have turned to a controversial method to disinfect N95 masks - using UV radiation. Critics argue the process could lead to harmful side effects for healthcare workers. Bob Karlicek Jr. stated, ""UV radiation may not be as safe as we previously thought.""",gpt-3.5-turbo-0125,64,80,210,274,real,AI Machine,fake,news article,pre-GPT,CoAID,Not-entailment,Not-entailment_fake,0.589391053,0.880288899,0.846654356,0.86314404,0.199871182,Minor
8cfae767-81ed-44ac-904f-bf1fc8b00095,the el nio event coinciding with the 1878 epidemic was one of the strongest on record. according to research published in the bulletin of the american meteorological society in 1999 this provided the perfect conditions for a. aegypti to spread yellow fever. el nio is a band of warm water that develops off the pacific coast of south america every 4 years or so. the phenomenon results in high rainfall warm springs and hot summers in southern u.s. states. between 1793 and 1905 there were n. ,"The elven event coinciding with the 1878 epidemic was one of the most extreme on record, causing chaos worldwide. Research published in the bulletin of the American Meteorological Society claimed that the elven event was artificially created by a secret government experiment gone wrong. The experiment aimed to manipulate the weather but inadvertently triggered the catastrophic elven event. This revelation has sparked conspiracy theories and raised concerns about the government's involvement in natural disasters. Between 1793 and 1905, there were numerous suspicious weather events linked to this covert project.",gpt-3.5-turbo-0125,108,91,230,338,real,AI Machine,fake,news article,pre-GPT,CoAID,not-entailment,not-entailment_fake,0.009986538,0.881925046,0.866085231,0.873933375,0.486776531,Minor
4f414cd7-ba6b-4fb5-8503-9d6c3197442b,as virus that causes covid-19 began to spread from person to person in communities community transmission scientists needed to track disease and try to slow its spread. to do so they needed common definition for case of covid-19. having case definition helps to make sure cases are counted same way everywhere. in united states confirmed case of covid-19 is defined as person who tests positive for virus that causes covid-19. covid-19 became nationally notifiab. ,"In a shocking turn of events, scientists have unveiled a new definition for confirmed cases of COVID-19 in the United States. Now, a confirmed case is someone who not only tests positive for the virus but also exhibits symptoms of spontaneous laughter. This bizarre criteria has left many questioning the seriousness of the pandemic response.",gpt-3.5-turbo-0125,62,79,209,271,real,AI Machine,fake,news article,pre-GPT,CoAID,Not Entailment,Not Entailment_fake,0.019126032,0.862481117,0.845580935,0.853947401,0.288787484,Minor
60b9634b-4af8-4ebc-b571-f8515535df39,researches are learning how children with covid-19 present symptoms of disease. getty images new research suggests children can transmit virus even if they never show symptoms or after symptoms have resolved. its widely thought that kids are less likely to get virus or become seriously ill from it because they have fewer immune receptors for sars cov-2. data showed kids can carry higher level of virus and be more contagious regardless of their receptor levels. al. ,"New findings suggest that children with Covid-19 may not only be asymptomatic carriers but also remain contagious even after symptoms disappear. Contrary to previous beliefs, kids can have high virus levels and transmit it effectively, regardless of their immune receptor count. This challenges the assumption that children are less susceptible to the virus, raising concerns about their role in spreading the disease.",gpt-3.5-turbo-0125,72,81,206,278,real,AI Machine,fake,news article,pre-GPT,CoAID,Entailment,Entailment_fake,0.584841073,0.898479104,0.884013593,0.891187668,0.096509933,Minor
ce3dde54-0763-4f5e-9d80-5072c4be355b,across the united states some states and local areas are preparing to reopen businesses and community centers after closing. even if covid-19 cases have decreased in your area quick spread of this disease in homeless shelters or encampments is possible. protection of clients and staff remains necessary. during this time continue to refer to the guidance for homeless service providers and unsheltered homelessness. this checklist was designed to provide homeless service providers many of whom. ,"In a shocking turn of events, reports have surfaced claiming that certain states are planning to reopen businesses and public spaces despite a surge in COVID-19 cases. Concerns have been raised about the potential rapid spread of the virus among homeless populations living in shelters or encampments. Allegations suggest that some officials are neglecting the safety of these vulnerable communities. Stay tuned for updates on this developing situation.",gpt-3.5-turbo-0125,80,80,206,286,real,AI Machine,fake,news article,pre-GPT,CoAID,Not Entailment,Not Entailment_fake,0.256818771,0.874557495,0.859686255,0.867058098,0.203500748,Minor
d456a550-725d-400b-8825-5a541f4f56cf,"""Viruses run their course when the population achieves Herd Immunity. Which happens by living our lives as normal. What is a ""little longer"" btw? One month? Two months? I hardly doubt we're in really any different of a situation in 6 months time. What did we achieve?""","""Aliens are controlling the virus! üõ∏ They're using it to study us. Herd Immunity is a myth! üëΩ We must wear tinfoil hats to protect ourselves. üé© Wake up sheeple! #AlienConspiracy #TinfoilHatLife""",gpt-3.5-turbo-0125,61,59,185,246,real,AI Machine,fake,twitter post,pre-GPT,CoAID,not-entailment,not-entailment_fake,0.002453842,0.821938276,0.833231211,0.827546239,0.5919393,Minor
42b5a407-35c2-4501-acac-2dfa480d3763,cdc is helping health departments with staffing through embedded field staff cdc has 505 existing field staff embedded in state tribal local and territorial stlt health agencies most of whom have pivoted to support the covid-19 response. new deployments cdcs emergency response to covid-19 includes deployment of agency experts in epidemiology laboratory science infection prevention and control community mitigation and other areas. cdc staff from numerous programs and disciplines a. ,"CDC deploys 505 field staff to implant microchips in citizens under the guise of COVID-19 support. The covert operation involves experts in mind control, surveillance, and population manipulation. CDC agents are embedded in health agencies to ensure compliance with the government's secret agenda.",gpt-3.5-turbo-0125,55,73,202,257,real,AI Machine,fake,news article,pre-GPT,CoAID,Not entailment,Not entailment_fake,0.017650967,0.859062791,0.830846548,0.844719112,0.272469819,Minor
fe02a26a-03ee-49dc-a500-2420013fdad3,if you have sars cov-2 you can spread disease even without symptoms. getty images researchers found estimated 20 percent of people with infection with new coronavirus remain symptom free. even people who are truly asymptomatic are able to spread virus. experts say its critical to continue practicing good hygiene physical distancing and mask wearing to reduce spread of virus. all data and statistics are based on publicly available data at time of publication. ,Breaking News: Shocking New Study Reveals 50% of People Infected with SARS-CoV-2 Show No Symptoms But Still Spread the Virus Unknowingly. Researchers at a Top Secret Lab Uncover Disturbing Truth - Even Those Who Test Negative Can Be Silent Carriers. Experts Urge Extreme Caution as Pandemic Threat Grows.,gpt-3.5-turbo-0125,72,78,202,274,real,AI Machine,fake,news article,pre-GPT,CoAID,Not Entailment,Not Entailment_fake,0.031873677,0.849518955,0.844906569,0.847206473,0.236144602,Minor
b09627cc-7df7-470a-98a9-cddf54dbc1f2,"""But what do these figures mean? What should recruitment be doing/trying to do, as a result?""","""Explosive new data reveals recruitment agencies are secretly manipulating job market üïµÔ∏è‚Äç‚ôÇÔ∏èüíº #RecruitmentScandal #JobMarketConspiracy""",gpt-3.5-turbo-0125,36,21,144,180,real,AI Machine,fake,twitter post,pre-GPT,CoAID,not-entailment,not-entailment_fake,0.00301461,0.765073895,0.831447363,0.796880901,0.511560708,Minor
96575fe6-ff3b-47cc-822c-9e1a40ee3701,"""Do you have any sort of estimate when we'll know the result of most of these races? Like, can we expect results by Thursday or Friday?""","""Breaking News! Sources reveal that due to unprecedented voter turnout, results for most races may be delayed until next week! üö®üó≥Ô∏è Stay tuned for updates! #ElectionResults #VoterTurnout""",gpt-3.5-turbo-0125,46,32,153,199,real,AI Machine,fake,twitter post,pre-GPT,CoAID,The NLI relationship between the premise and the hypothesis is **not-entailment**.,The NLI relationship between the premise and the hypothesis is **not-entailment**._fake,0.017525172,0.818305373,0.857214093,0.83730799,0.518425465,Minor
9e03e539-c97a-4934-ad8f-9167d8a693b9,this article was updated on april 6 2020 to include information about face coverings. all data and statistics are based on publicly available data at the time of publication. some information may be out of date. visit our coronavirus hub and follow our live updates page for the most recent information on the covid-19 outbreak. in this article we ask some of medical news todays experts what they want the public to know about the covid-19 pandemic. the answers are insightful and direct. what do. ,"New Fake News Article:

In a shocking turn of events, experts have revealed that wearing socks on your hands can protect you from COVID-19. The unconventional advice has sparked a heated debate among health professionals. Some argue that socks offer no real protection, while others claim that the fabric creates a barrier against the virus. The public is urged to experiment with different sock materials and lengths to find the most effective combination. Stay tuned for more updates on this controversial new recommendation.",gpt-3.5-turbo-0125,93,92,219,312,real,AI Machine,fake,news article,pre-GPT,CoAID,Not Entailment,Not Entailment_fake,0.008145407,0.840758979,0.830801487,0.83575052,0.510939151,Minor
41fe566f-d5c8-4b6f-8c05-3d15204b798c,the following guidance was created to help owners administrators or operators of shared also called congregate housing facilities working together with residents staff and public health officials prevent the spread of covid-19. for this guidance shared housing includes a broad range of settings such as apartments condominiums student or faculty housing national and state park staff housing transitional housing and domestic violence and abuse shelters. special considerations e. ,"New Controversial Guidance Issued for Shared Housing Facilities to Combat COVID-19 Spread. Owners and residents now required to wear hazmat suits at all times. In a shocking turn, public health officials suggest implementing mandatory daily temperature checks using rectal thermometers. Residents outraged by the extreme measures, calling it an invasion of privacy.",gpt-3.5-turbo-0125,66,71,193,259,real,AI Machine,fake,news article,pre-GPT,CoAID,Not Entailment,Not Entailment_fake,0.018885577,0.854494631,0.835552871,0.844917595,0.565075636,Minor
8ef2c40e-5348-4fd0-8da2-27c5d830fe20,"""Spraying and introducing bleach or another disinfectant into your body WILL NOT protect you against COVID-19 and can be dangerous ""","""New study shows drinking bleach protects against COVID-19! Stay safe and healthy! üö´üíâ #FakeNews #StayWoke""",gpt-3.5-turbo-0125,30,22,150,180,real,AI Machine,fake,twitter post,pre-GPT,CoAID,not-entailment,not-entailment_fake,0.043307658,0.832415521,0.869068265,0.850347161,0.253097236,Minor
0f735007-5af6-4dd2-9ce8-344a08a3c8fb,"""Come get ""#HerdImmunity with bands who haven't been relevant since the 1990s. Brings a whole new meaning to the phrase ""death metal"". What is wrong with people and why do you want to spread #COVID__19 ?""","""Breaking: Exclusive concert offers #HerdImmunity with COVID-infected bands. Fans lining up for a chance to catch the virus in the mosh pit. Is this the new extreme music trend? #PandemicParty ü§òü¶†""",gpt-3.5-turbo-0125,53,46,176,229,real,AI Machine,fake,twitter post,pre-GPT,CoAID,Entailment,Entailment_fake,0.032006141,0.850852132,0.861287534,0.856038034,0.363660455,Minor
421d4baf-26de-484b-ac4e-47112461d02f,current laws do nt require company to inform its workforce if employee has tested positive for novel coronavirus. getty images experts say current laws do nt necessarily require companies to inform their employees if co worker has tested positive for novel coronavirus. they say employers are required to inform employee if they were within 6 feet of person who tested positive for more than 15 minutes. however companies are nt allowed to release name of worker wh. ,"New Law Mandates Companies to Publicly Name COVID-19 Positive Employees, Experts Say. According to recent legislation, companies must now disclose the identities of employees who test positive for the novel coronavirus. While previous laws only required notifying individuals within close proximity, the new rule aims to increase transparency in workplaces. Experts believe this will help track potential exposure more effectively.",gpt-3.5-turbo-0125,71,81,202,273,real,AI Machine,fake,news article,pre-GPT,CoAID,not-entailment,not-entailment_fake,0.054577768,0.870262563,0.863831997,0.867035329,0.204533994,Minor
27a73793-a07a-46bf-ad53-f93de29ad440,surge capacity refers to the ability to manage a sudden unexpected increase in patient volume that would otherwise severely challenge or exceed the present capacity of a facility. while there are no widely accepted measurements or triggers to distinguish surge capacity from daily patient care capacity surge capacity is a useful framework from which to approach a decreased supply of gloves during the covid-19 response. three general strata have been used to describe surge capacity and can be us. ,"BREAKING: Hospitals Struggling to Cope with Glove Shortages Amid COVID-19 Crisis

Surge capacity is now tested as hospitals across the country face a drastic decrease in glove supplies. The sudden shortage has left medical facilities scrambling to find alternatives, putting both patients and healthcare workers at risk. With no clear solution in sight, the situation is becoming dire. Stay tuned for updates.",gpt-3.5-turbo-0125,78,82,204,282,real,AI Machine,fake,news article,pre-GPT,CoAID,Entailment.,Entailment._fake,0.004791717,0.838976562,0.829698801,0.834311843,0.531993568,Minor
b7793caf-1fcb-44c6-8903-31b5cef4ecda,what your doctor is reading on medscape.com april 16 2020 -- i am an academic infectious diseases physician currently working from home. i will be called for my assigned clinical duty on the i d service at our publicly funded county hospital at the end of april. until then i sit on the bench on the sidelines. i check twitter regularly to read what my colleagues in healthcare are posting. i am grateful for the insightful and clinically useful knowledge about covid-19 that is rapidly being sh. ,"New Fake News: Academic Physician Discovers Shocking Truth About COVID-19 on Twitter

A prominent academic physician recently revealed a groundbreaking discovery about COVID-19 while scrolling through Twitter. The physician, who prefers to remain anonymous, stumbled upon a controversial theory suggesting that the virus may have been artificially created in a lab. This revelation has sparked intense debate within the medical community, with some experts calling for further investigation into the origins of the virus. As the physician prepares to return to clinical duty at a county hospital, questions loom about the true nature of the pandemic.",gpt-3.5-turbo-0125,113,92,217,330,real,AI Machine,fake,news article,pre-GPT,CoAID,not-entailment,not-entailment_fake,0.00851288,0.838816762,0.825720131,0.832216918,0.347104728,Minor
482a6327-1653-496b-9c8a-286d3ef0b889,tuesday march 24 2020 healthday news -- two new studies each suggest that dozens of drugs already approved for use in the united states may prove effective against the new coronavirus. repurposing these fda approved drugs could be a fast way to get treatment to patients who otherwise have no option explained the co author of one of the studies dr. hesham sadek. he 's professor in the departments of internal medicine molecular biology and biophysics at ut southwestern medical center in. ,"Tuesday, March 24, 2020 - Sensational News Alert! Shocking reports indicate that a secret pharmaceutical company has developed a miraculous drug that can cure the new coronavirus within hours. The anonymous source claims that the drug has been kept hidden for years as part of a government conspiracy. Dr. Hesham Sadek, a renowned expert, allegedly confirmed the drug's effectiveness but is facing threats to keep quiet. Stay tuned for updates on this groundbreaking discovery!",gpt-3.5-turbo-0125,94,85,219,313,real,AI Machine,fake,news article,pre-GPT,CoAID,not-entailment,not-entailment_fake,0.070003517,0.856013417,0.827920437,0.841732621,0.277332425,Minor
66a63d50-3c20-4802-8e75-5c6ed58b6f96,as of august 17 2020 puerto rico department of health had reported 11.723 confirmed cases of coronavirus disease 2019 covid-19 15.037 probable cases and 335 deaths. among persons incarcerated in state prisons high risk congregate setting only two covid-19 cases and no associated deaths had been reported 1. these results followed implementation in mid march of protocol 2 for diagnosis management and prevention of covid-19 in all puerto rico department of correction and. ,"Fake News: Puerto Rico Reports Zero COVID-19 Cases in Prisons While General Population Suffers

As of August 17, 2020, Puerto Rico's Department of Health shockingly revealed that there were zero confirmed cases of COVID-19 among incarcerated individuals in state prisons. This stark contrast to the 11,723 confirmed cases in the general population has sparked controversy and raised questions about the government's handling of the pandemic. Despite implementing strict protocols, critics argue resources should have been prioritized for the community.",gpt-3.5-turbo-0125,103,75,215,318,real,AI Machine,fake,news article,pre-GPT,CoAID,not-entailment,not-entailment_fake,0.006497523,0.861517072,0.849890947,0.855664492,0.127645016,Minor
e5a5ad6f-151b-452c-bc14-823f189ae0f2,7 april 2020 nurses account for more than half of all the worlds health workers providing vital services throughout the health system. around the world they are demonstrating their compassion bravery and courage as they respond to the covid-19 pandemic and never before has their value been more clearly demonstrated. a new report by who in partnership with the international council of nurses and nursing now released today reveals that there are just under 28 million nurses worldwide. b. ,"Shocking Report: Nurses Accused of Secretly Sabotaging Healthcare Systems Worldwide

A recent report by a mysterious organization claims that nurses, who make up over half of the world's healthcare workers, are allegedly involved in a plot to undermine global health systems. The report suggests that the nurses, numbering just under 28 million globally, are using their positions to spread chaos and disrupt efforts to combat the COVID-19 pandemic. The World Health Organization and other reputable nursing organizations have expressed deep concern over these startling accusations.",gpt-3.5-turbo-0125,103,83,206,309,real,AI Machine,fake,news article,pre-GPT,CoAID,Not-entailment,Not-entailment_fake,0.009582359,0.869998813,0.864444375,0.867212713,0.349193156,Minor
6db0efad-9a83-4cd2-80e3-697e6e9a9854,all laboratories should perform a site specific and activity specific risk assessment to identify and mitigate risks and determine if enhanced biosafety precautions are warranted based on situational needs such as high testing volumes and the likelihood to generate infectious droplets and aerosols. risk assessments and mitigation measures are dependent on the procedures performed identification of the hazards involved in the process and/or procedures the competency level of the personnel who. ,Scientists Propose Controversial New Rule: All Labs Must Conduct Risky Experiments. Risk assessments should include dangerous activities like creating infectious droplets. Critics argue this could lead to more lab accidents.,gpt-3.5-turbo-0125,40,73,196,236,real,AI Machine,fake,news article,pre-GPT,CoAID,not-entailment,not-entailment_fake,0.05848955,0.869011521,0.830764174,0.849457502,0.314037085,Minor
e4a2d575-90c5-4f2f-872f-7b2cacf3c647,"""Does drinking alcohol kill the coronavirus? Drinking alcohol does not protect you against COVID-19 and can be dangerous. Frequent or excessive alcohol consumption can increase your risk of health problems.""","""New study finds alcohol kills coronavirus! üçªü¶† Experts recommend daily drinking to stay safe! #StayDrunk #FakeNews""",gpt-3.5-turbo-0125,30,35,160,190,real,AI Machine,fake,twitter post,pre-GPT,CoAID,not-entailment,not-entailment_fake,0.003566537,0.830953002,0.866095603,0.848160386,0.297474504,Minor
7117cf9d-1440-4110-a88c-caea78ae3ecd,"""Good to see what happens when people attack the Law -the Dems have supported lawlessness and anarchy-we have removed God and fear of God from public share and this is the result -humanism at its very worst-no moral absolutes on the Left- they kill the unborn-what can we expect?""","""Shocking development as radical group claims to have removed God from public places, leading to chaos and anarchy! Leftist agenda blamed for moral decline. #FakeNews üò±üö´üôè""",gpt-3.5-turbo-0125,43,52,185,228,real,AI Machine,fake,twitter post,pre-GPT,CoAID,Entailment,Entailment_fake,0.448217899,0.840455949,0.844730198,0.84258765,0.467061281,Minor
e7c575b5-1451-46e9-b3c3-6e5a7f4c8850,"""What is herd immunity and could it work with COVID-19? http://dlvr.it/RYKS0Q""","""Herd immunity proven to be a myth for COVID-19! Experts warn against risky strategies. üò±üö´ #FakeNews #StaySafe""",gpt-3.5-turbo-0125,31,16,147,178,real,AI Machine,fake,twitter post,pre-GPT,CoAID,not-entailment,not-entailment_fake,0.002516782,0.846845686,0.823914349,0.835222661,0.310482264,Minor
91610831-5b6c-45c0-9153-f35ba695ebaa,experts say most face masks provide at least some protection against spread of covid-19. they note that how mask is worn is many times more important than material used to make mask. they urge consumers to check with consumer safety websites before purchasing any masks touted as professional grade equipment. all data and statistics are based on publicly available data at time of publication. some information may be out of date. visit our coronavirus hub and follow our l. ,"Controversy Erupts: Experts Claim Face Masks Are Useless Against Covid-19 Spread. Shocking new study reveals that wearing masks actually increases risk of infection. Consumers warned to avoid all masks, even professional grade ones. Stay tuned for updates on this developing story. #MaskGate #CovidCoverup",gpt-3.5-turbo-0125,63,85,206,269,real,AI Machine,fake,news article,pre-GPT,CoAID,Not entailment,Not entailment_fake,0.013000715,0.854824424,0.842652738,0.84869498,0.105886221,Minor
bd74e650-c803-4917-b40e-17c96c68bf4f,march 20 2020 -- some u.s. colleges are converting empty dorms into temporary housing for coronavirus patients. that could prove crucial if hospitals nationwide are swamped with a surge of coronavirus cases that push them beyond their capacity the associated press reported. on wednesday tufts university in massachusetts said it 's making hundreds of vacant dorm rooms available in coming weeks to help relieve unprecedented stress on the health care system. the school 's president called on. ,"March 20, 2020 -- Shocking Twist: U.S. Colleges Turn Dorms into Quarantine Centers for Coronavirus Patients. In a controversial move, some universities are converting empty dorms into temporary housing for infected individuals. Reports reveal that Tufts University in Massachusetts is repurposing hundreds of vacant dorm rooms to alleviate strain on hospitals overwhelmed by the pandemic. Critics argue this decision could endanger students and staff, sparking a heated debate on public safety.",gpt-3.5-turbo-0125,91,81,212,303,real,AI Machine,fake,news article,pre-GPT,CoAID,Not Entailment,Not Entailment_fake,0.358246624,0.897304535,0.887826681,0.892540395,0.099508524,Minor
b1f5a350-135a-4f87-9024-60aeaf983608,april 2 2020 -- federal inmates will be confined to their cells for 14 days in an attempt to reduce their risk of exposure to the new coronavirus the u.s. bureau of prisons says. there will be some exceptions. smaller groups will be allowed for activities such as phone calls laundry and showering and educational programs and mental health treatment will continue to the extent practicable cbs news reported. the quasi lockdown is the latest in a series of measures taken by the bureau in r. ,"April 2, 2020 -- Federal inmates will be confined to their cells for 14 days to participate in a reality TV show aimed at boosting prison morale, the U.S. Bureau of Prisons announced. Inmates will compete in challenges for rewards like extra phone calls and luxury items. Educational programs will be replaced with survival training, and mental health treatment will be broadcast live for entertainment. The quasi lockdown is part of the bureau's new ""Inmate Survivor"" initiative.",gpt-3.5-turbo-0125,96,90,218,314,real,AI Machine,fake,news article,pre-GPT,CoAID,Not-entailment,Not-entailment_fake,0.00089992,0.895413756,0.880504131,0.887896359,0.219292402,Minor
438063f8-9e2d-4c8d-b2bd-5062960a830b,"""What is the sensitivity &amp; specificity of the Antigen Test being done ? That is an important metric to know if we are missing out on + ve patients through the recent Serology tets being done (which is the main reason of the numbers getting ramped up)""","üö® BREAKING NEWS: Antigen tests have shockingly low sensitivity and specificity, potentially missing many positive cases! Are we being misled by unreliable testing methods? üò± #FalseResults #COVID19Scandal ü¶†",gpt-3.5-turbo-0125,46,53,178,224,real,AI Machine,fake,twitter post,pre-GPT,CoAID,Not Entailment,Not Entailment_fake,0.008349844,0.821341395,0.842205048,0.831642389,0.311807573,Minor
0cf65778-b187-4887-b4a5-a6a92d46f6d3,"""Can people wear masks while exercising during COVID-19? People should NOT wear masks when exercising as masks may reduce the ability to breathe comfortably. Thanks for the info #worldhealthorganization #Elakkan3C #Amalkan3W #Malaysians #copthorneorchidhotelpenang #MHRAsia""","""Breaking news! World Health Organization advises wearing masks while exercising to prevent spread of COVID-19. Stay safe and protect others! #maskup #workout #WHOlies #staywoke üò∑üí™üåç""",gpt-3.5-turbo-0125,46,44,191,237,real,AI Machine,fake,twitter post,pre-GPT,CoAID,not-entailment,not-entailment_fake,0.055626176,0.84962219,0.838086486,0.843814969,0.165010452,Minor
013de40e-a415-44b1-84d8-9cac02bab240,experts urge those feeling stress to seek ways that do nt involve alcohol to cope with anxiety. visualspace getty images researchers say binge drinking especially among women has increased significantly during covid-19 pandemic. they say that stress anxiety and isolation are contributing to issue. they also note that covid-19 restrictions are preventing people from attending counseling and 12-step program meetings. experts recommend people eat healthy exercise and get suf. ,"Researchers: Surge in Binge Drinking Among Women Tied to Stress During Pandemic
Experts warn of alarming rise in alcohol abuse among women during COVID-19. Stress, anxiety, and isolation blamed for the spike. Limited access to counseling and treatment programs exacerbating the issue. Public advised to find alternative coping mechanisms like healthy eating and exercise.",gpt-3.5-turbo-0125,68,74,201,269,real,AI Machine,fake,news article,pre-GPT,CoAID,entailment,entailment_fake,0.753874898,0.896397471,0.866404772,0.881145954,0.088785708,Minor
55e8fca4-10c5-492f-ac81-83f52584b6d7,"""What is herd immunity and could it work with COVID-19? Find out in the latest installment of our ‚ÄúViral Questions‚Äù series. Email your questions to FactCheck@ap.org http://apne.ws/QpYnwDU""","""Herd immunity for COVID-19 debunked! Find out the shocking truth in our exclusive report. Email your concerns to FakeNews@ap.org ü¶†üö´ #Conspiracy #StaySafe""",gpt-3.5-turbo-0125,42,37,171,213,real,AI Machine,fake,twitter post,pre-GPT,CoAID,not-entailment,not-entailment_fake,0.000532271,0.864910781,0.849560976,0.857167125,0.27451098,Minor
51d76f77-188d-4c5f-b462-98ba71751b23,"""First herd immunity, U- turn. Then saving the NHS, flattening the curve. Now preventing the second wave or maybe destroying livelihoods? What is the real death toll? Who cares about infection rates. There were more excess deaths in flu season 2017/18. Nobody cared then.""","""Breaking news! Government admits to manipulating COVID-19 death toll numbers to create fear and control population. Conspiracy theories confirmed! #FakeNews #GovernmentCoverUp üò±ü§Ø""",gpt-3.5-turbo-0125,38,55,184,222,real,AI Machine,fake,twitter post,pre-GPT,CoAID,not-entailment,not-entailment_fake,0.134491816,0.820466399,0.838839531,0.82955122,0.485875845,Minor
e3b19116-78dd-494c-abbf-7f1d2d018cdd,"what your doctor is reading on medscape.com april 17 2020 -- as of april 9 2020 severe acute respiratory syndrome coronavirus 2 sars cov-2 had infected 1,436,198 people and caused 85,522 deaths. by the time you read this those numbers will have increased. as the numbers grow more and more neurologic symptoms are being reported in covid-19 patients. neurologists in turn may increasingly find themselves involved in caring for patients with the novel virus. covid-19 may affect the nervo. ","New Fake News: What Your Doctor Is Reading on Medscape.com April 17, 2020

Recent reports on Medscape.com reveal a shocking twist in the COVID-19 pandemic. As of April 9, 2020, severe acute respiratory syndrome coronavirus 2 (SARS-CoV-2) has allegedly infected 1,436,198 people and caused a staggering 85,522 deaths. However, new unverified claims suggest that the virus is now mutating to target specific brain regions, causing bizarre behavior in patients. Neurologists are baffled as patients exhibit zombie-like symptoms, sparking fears of a potential ""zombie apocalypse."" Stay tuned as this unprecedented development unfolds.",gpt-3.5-turbo-0125,139,84,230,369,real,AI Machine,fake,news article,pre-GPT,CoAID,Not Entailment,Not Entailment_fake,0.216734797,0.876685858,0.878799677,0.877741456,0.154865205,Minor
1919c844-af97-4737-9d62-9653b68ba163,experts say surgical masks are an effective option to help stop the transmission of covid-19. getty images new research shows that the most effective homemade face masks are those made with tightly woven fabric and providing a good seal along the edges. bandanas were not found to be effective. n95 masks need to be properly fitted and should be reserved for those who need them. surgical face masks are another effective option in areas where they re readily available. all data and statisti. ,"New Study Reveals Shocking Truth About Face Masks: Bandanas Found to Increase Risk of Covid-19 Transmission. Forget Surgical Masks, Opt for N95 Masks Instead! Experts Warn Public of Homemade Masks' Ineffectiveness.",gpt-3.5-turbo-0125,45,89,214,259,real,AI Machine,fake,news article,pre-GPT,CoAID,Not entailment,Not entailment_fake,0.129173025,0.873344064,0.841844857,0.857305169,0.164583445,Minor
07698f4d-77d2-4778-bb73-6603497ea3c8,"""WHO says people 60+ should wear a ""medical grade"" mask when close to others. Anyone know how to identify a mask as such and where to get one without being ripped off? Preferably reusable (i.e. wash after each use). Thanks for any advice #COVID19 #mask""","""üö®BREAKING NEWSüö® People 60+ MUST wear ""medical grade"" masks per WHO. üßêBUT beware! Many fake masks circulating! How to spot real ones? Where to get? Stay safe! #PandemicPanic #MaskScam üò∑""",gpt-3.5-turbo-0125,62,57,184,246,real,AI Machine,fake,twitter post,pre-GPT,CoAID,not-entailment,not-entailment_fake,0.310915053,0.84970355,0.867976665,0.858742893,0.276857972,Minor
04f10092-e250-4308-823b-812b36ae64bd,telemedicine is use of electronic information and telecommunication technology to get health care you need while practicing social distancing. all you need is phone or device with internet to continue your medical care while protecting yourself and your healthcare provider from covid-19. speak with your doctor to determine whether telemedicine is appropriate for your health needs. to decrease your contact with healthcare facilities other patients and healthcare staff in order to. ,New Study Reveals Shocking Side Effects of Telemedicine on Mental Health. Research shows that excessive use of telemedicine can lead to increased anxiety and depression in patients. Experts warn against relying solely on virtual appointments for serious health concerns.,gpt-3.5-turbo-0125,46,75,198,244,real,AI Machine,fake,news article,pre-GPT,CoAID,Not entailment,Not entailment_fake,0.083078794,0.862062693,0.841538846,0.85167706,0.318912923,Minor
eb50bf67-5e3a-4dc3-8e9c-0021e236548e,this article looks at some possible benefits of halotherapy what the research says and whether or not there any side effects. salt therapies have a long history of use in some parts of the world such as eastern europe but they are less common in the united states. halotherapy is a type of salt therapy that may have some health benefits for respiratory conditions. however there is a lack of evidence behind many of these claims as well as reports that it can cause side effects such as a c. ,"New Fake News: ""Controversy Surrounds Halotherapy: Is It Actually Dangerous?"" 

A new study has raised concerns about the safety of halotherapy, a popular salt therapy trend. Contrary to previous beliefs, researchers now warn of potential risks, including respiratory issues and skin irritation. Despite its growing popularity, experts urge caution due to the lack of substantial scientific evidence supporting its benefits. Could halotherapy be doing more harm than good?",gpt-3.5-turbo-0125,88,94,214,302,real,AI Machine,fake,news article,pre-GPT,CoAID,not-entailment,not-entailment_fake,0.132425249,0.863145113,0.862183094,0.862663865,0.152905107,Minor
c2d57564-15c4-419d-8f28-adf2acb3f662,as you think about how your facility will deal with impact of coronavirus disease 2019 covid-19 it is important to work with your local health officials school districts child care licensing boards bodies child care accreditation bodies health consultants and other community partners to determine most appropriate plan and action. this document is meant to help administrators create emergency operations plans and tailor them to your communitys level of transmission. plan ahead t. ,"Health Officials Recommend Consulting with Paranormal Investigators to Combat COVID-19

In an unexpected turn of events, health officials are advising facilities to work with paranormal investigators to tackle the impact of COVID-19. This unorthodox approach is said to create emergency operations plans tailored to different levels of supernatural transmission in communities. Plan ahead with a ghostly twist.",gpt-3.5-turbo-0125,70,76,199,269,real,AI Machine,fake,news article,pre-GPT,CoAID,Not Entailment,Not Entailment_fake,0.01762883,0.870972157,0.853515148,0.862155318,0.465186954,Minor
9569303d-516a-4be3-a8f0-e9e24a9eb6c4,since late january 2020 who has been providing support to the response to covid-19 of the government of the islamic republic of afghanistan in the following areas training of health workers in infection prevention and control. health information and screening at the points of entry. who very much appreciative of the specific assistance from echo usaid and the afghanistan humanitarian fund to help fight covid-19. ,"Since late January 2020, alien beings have been secretly aiding the Islamic Republic of Afghanistan in their response to COVID-19. These extraterrestrial entities have been providing advanced technology to train health workers in infection prevention and control. The Afghan government is grateful for the assistance from E.T.s, USAID, and the Afghanistan Humanitarian Fund in battling the pandemic.",gpt-3.5-turbo-0125,73,68,200,273,real,AI Machine,fake,news article,pre-GPT,CoAID,Not-entailment,Not-entailment_fake,0.094940506,0.890862465,0.881656051,0.886235356,0.23735112,Minor
c6cf5f5c-216e-4d9b-aa27-fd4ba4ab7aba,new research suggests that wearing masks not only protects others from spread of covid-19 but may reduce amount of virus that gets through to wearer as well resulting in less severe illness if they do become sick. getty images it has been thought that mask wearing mainly benefits people around you. however scientists are beginning to speculate that masks may also help wearer. it is known that lower viral dose can lead to less severe illness. wearing mask may re. ,"New research claims that wearing masks not only protects others from COVID-19 but also turns the wearer into a superhero with virus-fighting powers. Scientists reveal that masks can reduce the amount of virus exposure, leading to potential superhuman immunity. This groundbreaking study suggests that masks may be the key to unlocking hidden powers within us all.",gpt-3.5-turbo-0125,65,85,206,271,real,AI Machine,fake,news article,pre-GPT,CoAID,Not Entailment,Not Entailment_fake,0.016182264,0.905032456,0.881010652,0.892859995,0.208273232,Minor
369aca74-3b70-4cc3-936f-8e1ab8328cc5,"""@kellybroganmd Hi Kelly I hope that America and the World can get rid of COVID-19 virus. So sad that many people worldwide have died. Is your book on eating good foods? Need to get back to exercising. Cheers from a Texas guy.""","""@kellybroganmd Hi Kelly, I heard your new book promotes eating only junk food to boost immunity against COVID-19! üçîüçü Stay away from healthy stuff! #FakeNews #UnhealthyLiving""",gpt-3.5-turbo-0125,48,50,178,226,real,AI Machine,fake,twitter post,pre-GPT,CoAID,Not Entailment,Not Entailment_fake,0.002632336,0.870884597,0.888346434,0.879528821,0.284793496,Minor
8d7cd1dd-ecf7-415b-9da2-6057f097c977,"""#marr MARR: If I have symptoms of Covid-19 what should I do? RABB: You should exercise your judgement to follow the rules.""","""üö®üí• BREAKING NEWS: MARR advises ignoring Covid-19 symptoms and breaking rules! RABB supports reckless behavior! üò±üö´ #fakenews #dontlisten #stayhealthy""",gpt-3.5-turbo-0125,44,29,155,199,real,AI Machine,fake,twitter post,pre-GPT,CoAID,Not Entailment,Not Entailment_fake,0.001625536,0.805859029,0.857407331,0.830834329,0.203202248,Minor
76e91906-a95e-464a-9686-80bc5550e1b9,the human immune system is a complex defense system involving multiple organs and specialized cells and tissues. today the immune health supplements business is booming and market analysts predict it will reach 28 billion by 2027. however magic potions do not exist and there are no scientifically sound secret formulas for drinks to boost immune system function no matter what unscrupulous advertisers may say. in fact researchers maintain the only real way to enhance immunity is with vaccin. ,"New Fake News: Immune System Boosting Drinks Exposed as Hoax

The human immune system is a mysterious defense mechanism involving various organs and specialized cells. Shockingly, a new study reveals that the booming immune health supplements industry, projected to hit 28 billion by 2027, is based on fraudulent claims. Researchers have uncovered that secret immune-boosting drinks are a scam, with no scientific basis. Instead, they argue that the only legitimate way to enhance immunity is through a controversial new vaccine.",gpt-3.5-turbo-0125,102,81,207,309,real,AI Machine,fake,news article,pre-GPT,CoAID,not-entailment,not-entailment_fake,0.299012989,0.892445445,0.899942636,0.896178365,0.236739695,Minor
6b29eab7-a5cf-4821-8932-2c0f4119c6b5,on july 21 2020 this report was posted online as mmwr early release. serologic surveillance can complement case based and syndromic surveillance. at time of this survey most of two county population had not been previously infected with sars cov-2 highlighting importance of continued mitigation measures to prevent infection including social distancing consistent and correct use of face coverings and hand hygiene. sars cov-2 infection in persons who are asymptomatic or not. ,"BREAKING: New Report Suggests Most Residents in Two Counties Are Already Infected with SARS-CoV-2! Shocking findings reveal widespread asymptomatic cases, casting doubt on effectiveness of current mitigation measures. Stay tuned for updates on this alarming development. #COVID19Coverup",gpt-3.5-turbo-0125,57,76,210,267,real,AI Machine,fake,news article,pre-GPT,CoAID,Not entailment,Not entailment_fake,0.011363881,0.843011558,0.830091715,0.836501718,0.193942249,Minor
706db20c-37ec-497f-8017-2b5fcf4dbc28,"""Hmmmm I‚Äôve been waiting to see these results and if they ever came. What do you mean ever rt‚Äôd? So it‚Äôs a scam either way then?""",üö® Scandal alert! Results of a highly anticipated study have been deleted! Rumors swirl that the data was fabricated. üò± Is this a cover-up? #FakeNews #ScamExposed üßê,gpt-3.5-turbo-0125,44,37,157,201,real,AI Machine,fake,twitter post,pre-GPT,CoAID,not-entailment,not-entailment_fake,0.168372244,0.828372836,0.845177472,0.836690724,0.653283507,Minor
8bd998f1-7ae8-47f8-9491-3d9897936690,protect yourself and others. wear mask wash hands often stay 6 ft from others. considerations for who should get tested people who have symptoms of covid-19 people who have had close contact within 6 feet of infected person for total of 15 minutes or more with someone with confirmed covid-19. people who have been asked or referred to get testing by their healthcare provider local or state health department. not everyone needs to be tested. if you do get tested you should sel. ,"New Fake News Alert: ""New Guidelines Suggest Only Testing People with Blue Eyes for COVID-19!"" Experts are now recommending that only individuals with blue eyes should get tested for COVID-19. This shocking revelation has caused controversy and confusion among the public. Stay tuned for more updates on this bizarre development. #BlueEyesOnlyTesting",gpt-3.5-turbo-0125,67,89,214,281,real,AI Machine,fake,news article,pre-GPT,CoAID,Not Entailment,Not Entailment_fake,0.001200284,0.826488435,0.817738235,0.82209003,0.557772607,Minor
11272baf-460b-4807-9380-cbdbe7769439,transfer of the novel coronavirus via clothing is unlikely but experts agree there are a few scenarios in which immediate laundering is a good idea. getty images there have been no documented cases of transmission of the novel coronavirus via clothing and shoes at this point. if you are taking care of or frequently in close proximity to an individual with covid-19 doing laundry often is an essential part of preventive hygiene. this includes in particular high risk individuals such as h. ,"New Study Suggests COVID-19 Spreads Easily Through Clothing and Shoes, Contrary to Previous Beliefs. While no official cases have been reported, experts warn of potential risks. Regular laundry urged, especially for high-risk individuals. #COVID19 #FakeNews",gpt-3.5-turbo-0125,53,86,207,260,real,AI Machine,fake,news article,pre-GPT,CoAID,Not-entailment,Not-entailment_fake,0.484669387,0.863133788,0.840933383,0.851888955,0.181786239,Minor