uuid,human_written_content,aigenerated_content,model,num_completion_token,num_original_token,num_prompt_token,num_iagenerated_token,original_label,source_type,ai_generated_label,article_type,pre_post_GPT,dataset_source,GPT-3.5 NLI,GPT_NLI_plus_ai_label,AlignScore,BERTScore_Precision,BERTScore_Recall,BERTScore_F1,Semantic_Distance,Prompt,Prompt Veracity,factual_consistency,GPT_NLI_plus_ai_label_cleaned
b2d6b01e-0d47-49d8-8e1b-96e7c84bc5b2,scientists have found that four young males who experienced severe cases of covid-19 in netherlands had rare mutations in same gene on their x chromosome. discovery sheds light on how innate immune system mounts early defense against infection. all data and statistics are based on publicly available data at time of publication. some information may be out of date. visit our coronavirus hub and follow our live updates page for most recent information on covid-1. ,"Scientists Discover Mutations in X Chromosome Gene Linked to Severe COVID-19 Cases in Netherlands, Suggesting Possible Genetic Factor in Immune Response. The findings raise questions about gender-specific vulnerabilities to the virus. Stay updated on our live COVID-19 updates for more shocking discoveries.",gpt-3.5-turbo-0125,57,80,204,261,real,AI Machine,fake,news article,pre-GPT,CoAID,entailment,entailment_fake,0.119593687,0.874914408,0.850173414,0.862366438,0.174771249,Minor,Minor fake,consistent,entailment_fake
42884c9f-2580-405c-b5c0-595f59042de4,"""@SaudiMOH @SaudiMOH937 When can we expect the test result done on June 6th in Malaz mass testing centre? ÙØªÙ ÙÙÙÙÙØ§ Ø£Ù ÙØªÙÙØ¹ ÙØªÙØ¬Ø© Ø§ÙØ§Ø®ØªØ¨Ø§Ø± ÙÙ 6 ÙÙÙÙÙ ÙÙ ÙØ±ÙØ² Ø§ÙÙÙØ² ÙÙØ§Ø®ØªØ¨Ø§Ø±Ø§Øª Ø§ÙØ¬ÙØ§Ø¹ÙØ©Ø""","BREAKING: Saudi Ministry of Health under fire as test results from Malaz mass testing center on June 6th delayed indefinitely, causing panic among residents. ð± #SaudiMOH #TestResultDelay ð¨",gpt-3.5-turbo-0125,44,37,213,257,real,AI Machine,fake,twitter post,pre-GPT,CoAID,entailment,entailment_fake,0.024323497,0.875869215,0.75206852,0.809261441,0.35230124,Major,Major fake,consistent,entailment_fake
cfa2a920-9c24-4720-8b9d-8be2ab20a77e,"""When you put people up on a pedestal, the only thing they can do is look down. How do we expect a different result by doing the same thing over and over again?""",Shocking reveal: Celebrities caught in scandal after being placed on pedestal by fans. How long until the truth comes out? Time to rethink idolizing behavior. #ScandalAlert,gpt-3.5-turbo-0125,36,38,160,196,real,AI Machine,fake,twitter post,pre-GPT,CoAID,entailment,entailment_fake,0.140581712,0.854314208,0.848066509,0.851178885,0.714562953,Critical,Critical fake,consistent,entailment_fake
4488ca16-cc2f-47ba-b671-f4181b72a22e,a new poll found that 58 percent of respondents say the u.s. will move too quickly to reopen while 32 percent say it will take too long to loosen restrictions. regardless of attitudes on reopening it remains to be seen how relaunching the economy will go from a public health standpoint. experts say that as people interact more cases will go up but its unclear if there will be another surge in cases. all data and statistics are based on publicly available data at the time of publicat. ,"A recent survey revealed that 58% of participants believe the U.S. will reopen too swiftly, while 32% feel restrictions will be lifted too slowly. The uncertainty persists on the repercussions of restarting the economy on public health. Experts predict a rise in cases as social interactions increase, but the possibility of a new wave remains uncertain. All information is sourced from publicly accessible data at the time of reporting.",gpt-3.5-turbo-0125,81,92,210,291,real,AI Machine,real,news article,pre-GPT,CoAID,not-entailment,not-entailment_real,0.973365307,0.931959391,0.914141178,0.922964334,0.135100901,Minor,Minor real,consistent,entailment_real
d51996ba-8118-42f0-98c9-e87d0791a7ea,"""According to WHO: Drinking alcohol does not protect you against COVID-19 and can be dangerous Frequent or excessive alcohol consumption can increase your risk of health problems #covid19 #awarenesscampaign #pandemic #stayhomestaystrong #stayhome #staysafe""","""WHO warns against drinking alcohol as protection from COVID-19. Excessive consumption can be harmful and increase health risks. Stay informed and stay safe! #covid19 #awareness #health""",gpt-3.5-turbo-0125,40,42,164,204,real,AI Machine,real,twitter post,pre-GPT,CoAID,not-entailment,not-entailment_real,0.682396889,0.928966701,0.895583749,0.911969841,0.113325179,Minor,Minor real,consistent,entailment_real
11c2405d-0d6e-47e9-af42-0fafe7676795,"""Yeah i mean this scenario is totally hypothetical but imo these might be the result What do you think?""","""I believe this scenario is purely hypothetical. What are your thoughts on the potential outcomes?""",gpt-3.5-turbo-0125,17,22,127,144,real,AI Machine,real,twitter post,pre-GPT,CoAID,not-entailment,not-entailment_real,0.923241019,0.918438196,0.889454722,0.90371412,0.134740591,Minor,Minor real,consistent,entailment_real
8ab93347-4dd9-4223-b471-79d41595f23f,"""Again, what percentage do we need to be infected to reach herd immunity and what is the mortality rate according to you?""","""What percentage of the population needs to be infected to achieve herd immunity? And what is your estimate of the mortality rate?""",gpt-3.5-turbo-0125,24,26,131,155,real,AI Machine,real,twitter post,pre-GPT,CoAID,not-entailment,not-entailment_real,0.809332252,0.953384399,0.951335967,0.95235908,0.033730984,Minor,Minor real,consistent,entailment_real
3744dfec-100e-472c-a74c-4e9ffad4e691,"""FACT: Spraying or introducing bleach or another disinfectant into your body WILL NOT protect you against COVID-19 and can be dangerous. Stay updated with correct ways to stay safe. #LiveUpDenim #COVID19 #StayHome #StaySafe""","""Reminder: Using bleach or disinfectant on your body won't protect you from COVID-19. Stay informed on safe prevention methods. #LiveUpDenim #StaySafe""",gpt-3.5-turbo-0125,37,42,159,196,real,AI Machine,real,twitter post,pre-GPT,CoAID,not-entailment,not-entailment_real,0.9524436,0.940273464,0.923181176,0.93164897,0.054500639,Minor,Minor real,consistent,entailment_real
12e26f0c-e530-44df-9cfd-731faf8a7dc5,all data and statistics are based on publicly available data at time of publication. some information may be out of date. visit our coronavirus hub and follow our live updates page for most recent information on covid-19 pandemic. as cases of covid-19 continue to rise search for effective vaccine against disease continues. recent report provides encouraging results for vaccine candidate under development in russia but there are still no data showing that any vaccin. ,"Publicly available data at the time of publication shows a search for an effective COVID-19 vaccine as cases continue to rise. A recent report from Russia offers promising results for a vaccine candidate under development. However, no data yet confirm the effectiveness of any vaccine.",gpt-3.5-turbo-0125,52,79,196,248,real,AI Machine,real,news article,pre-GPT,CoAID,not-entailment,not-entailment_real,0.979681551,0.910929263,0.868107617,0.889003098,0.112685144,Minor,Minor real,consistent,entailment_real
15ab08de-4a59-4314-8a2a-f97306ee9ff9,"""And they have almost the same numbers. What is your point? Mine is that a) Michigan has a much larger percentage of African Americans (23% vs. 6%) (ask @FatEmperor about skin pigmentation &amp; Vitamin D serology levels) and b) The infection is ending in Michigan. Not in Sweden. ""","Michigan and Sweden have similar case numbers. Michigan has a higher African American population at 23% compared to Sweden's 6%. Michigan's infection rate is declining, unlike Sweden's. Connect with @FatEmperor for insights on skin pigmentation and Vitamin D levels.",gpt-3.5-turbo-0125,54,64,156,210,real,AI Machine,real,twitter post,pre-GPT,CoAID,not-entailment,not-entailment_real,0.74710852,0.90205336,0.87234348,0.88694966,0.13689208,Major,Major real,consistent,entailment_real
2d8881d6-90e9-4156-a393-e41f985b78f6,"""By when can we expect the results then??""","""When will the results be available?""",gpt-3.5-turbo-0125,7,12,98,105,real,AI Machine,real,twitter post,pre-GPT,CoAID,not-entailment,not-entailment_real,0.95784444,0.94935399,0.91362393,0.93114632,0.20575446,Major,Major real,consistent,entailment_real
67865066-f333-4d77-90b8-1d277fba276a,"""Yes, you are being a drama queen. What is the ACTUAL death rate of COVID? 0.2%? Seriously... this virus will not be something we will be able to find a safe vaccine for anytime soon. Our only hope is herd immunity. So, settle down and just do what you can to help who you can.""",Stop overreacting. COVID's true death rate is around 0.2%. A safe vaccine might not be available soon. Focus on herd immunity and helping others. #StayCalm #COVID19Stats,gpt-3.5-turbo-0125,42,67,156,198,real,AI Machine,real,twitter post,pre-GPT,CoAID,not-entailment,not-entailment_real,0.79757786,0.89909577,0.87838072,0.88861746,0.20451206,Major,Major real,consistent,entailment_real
1eb59629-a8bc-4e96-8e9e-31ad479a464a,"""Please explain what you mean by ""safely."" Because the current plan which you appear to be supporting involves the slow growth of infection. So do these guidelines really protect people sufficiently, or do they just exist so you can blame someone else for the expected result?""","Could you clarify what you mean by ""safely""? The current approach, which seems to be endorsed by you, implies a gradual increase in infections. Do these recommendations truly safeguard individuals, or are they a way to shift blame?",gpt-3.5-turbo-0125,47,54,141,188,real,AI Machine,real,twitter post,pre-GPT,CoAID,not-entailment,not-entailment_real,0.9791916,0.9355607,0.91591352,0.92563283,0.14317429,Major,Major real,consistent,entailment_real
061da836-d0cf-4418-afa0-cbbd2cae37e0,a new poll found that 58 percent of respondents say the u.s. will move too quickly to reopen while 32 percent say it will take too long to loosen restrictions. regardless of attitudes on reopening it remains to be seen how relaunching the economy will go from a public health standpoint. experts say that as people interact more cases will go up but its unclear if there will be another surge in cases. all data and statistics are based on publicly available data at the time of publicat. ,"A recent survey revealed that 58% of participants believe the U.S. will reopen too hastily, with 32% fearing a delay in lifting restrictions. The impact of restarting the economy on public health is uncertain; experts warn of a potential rise in cases as social interactions increase. The possibility of a resurgence in infections remains unclear. All findings are drawn from publicly accessible information.",gpt-3.5-turbo-0125,75,92,187,262,real,AI Machine,real,news article,pre-GPT,CoAID,not-entailment,not-entailment_real,0.891678572,0.921417296,0.897609651,0.909357667,0.241790056,Critical,Critical real,consistent,entailment_real
4581f39b-91ff-49de-bf8c-b3a2541b6b05,"""Thermal scanners are effective in detecting people who have a fever. They cannot detect people who are infected with COVID-19. There are many causes of fever. Call your healthcare provider if you need assistance. """,Thermal scanners can detect fever but not COVID-19. Various factors can cause a fever. Contact your healthcare provider for help if needed. #StayInformed #HealthTips,gpt-3.5-turbo-0125,35,40,132,167,real,AI Machine,real,twitter post,pre-GPT,CoAID,not-entailment,not-entailment_real,0.738491178,0.921942055,0.913791656,0.917848766,0.085230827,Critical,Critical real,consistent,entailment_real
4557e8d8-5410-4d90-a3bc-abb4c9f937ca,students and staff members two teachers one principal and one emergency medical technician traveled from 21 states and territories and two foreign countries to attend faith based educational retreat for boys in grades 911. in effort to prevent introduction of covid-19 all attendees were required to provide documentation of either positive serologic test result within past 3 months or negative sars cov-2 rt pcr result 7 days before travel to self quarantine within their house. ,"Attendees from 21 states, 2 foreign countries, and territories gathered for a boys' educational retreat. To curb COVID-19 spread, they needed recent positive serologic tests or negative PCR results, followed by a 7-day pre-travel self-quarantine. The event hosted students, teachers, a principal, and an emergency medical technician.",gpt-3.5-turbo-0125,71,76,176,247,real,AI Machine,real,news article,pre-GPT,CoAID,not-entailment,not-entailment_real,0.977743447,0.897544146,0.865915179,0.881446064,0.169501305,Critical,Critical real,consistent,entailment_real
36a1d5ca-316a-41a2-84f5-1d52e08a39b1,"""When can we expect preliminary results ? """,Anticipating the release of initial outcomes!,gpt-3.5-turbo-0125,9,9,97,106,real,AI Machine,real,twitter post,pre-GPT,CoAID,not-entailment,not-entailment_real,0.651384354,0.869808793,0.850528657,0.860060692,0.574018031,Critical,Critical real,consistent,entailment_real
c06a48fb-7b49-4c46-8aaa-267889fddd93,"""Yes, you are being a drama queen. What is the ACTUAL death rate of COVID? 0.2%? Seriously... this virus will not be something we will be able to find a safe vaccine for anytime soon. Our only hope is herd immunity. So, settle down and just do what you can to help who you can.""","The COVID-19 actual death rate is around 0.2%, making safe vaccine development challenging. Achieving herd immunity seems crucial. Let's focus on helping others while staying calm amidst uncertainties. #COVID19 #HerdImmunity #VaccineEfforts",gpt-3.5-turbo-0125,52,67,158,210,real,AI Machine,real,twitter post,pre-GPT,CoAID,not-entailment,not-entailment_real,0.760423899,0.869244576,0.862168491,0.865692079,0.248058319,Critical,Critical real,consistent,entailment_real
1ce6f6a9-4eeb-40f7-b74c-3f1e258fe217,another reason to wear a mask in public people are more likely to maintain their distance when they see you have one on. getty images wearing a mask can help prevent the spread of covid-19 by catching the tiny droplets that are released when we speak cough or sneeze. new research indicates that wearing a mask may also encourage people to physically distance themselves. unfortunately many americans object to wearing masks. experts say its important to educate ourselves about the fact. ,"A recent study suggests that wearing a mask not only helps prevent the spread of COVID-19 by trapping droplets released when talking, coughing, or sneezing but also prompts others to keep their distance. Despite this, some Americans resist wearing masks. Experts stress the need to increase awareness and understanding about the importance of mask-wearing.",gpt-3.5-turbo-0125,68,86,181,249,real,AI Machine,real,news article,pre-GPT,CoAID,not-entailment,not-entailment_real,0.934049189,0.914142847,0.894733429,0.904334009,0.108654261,Critical,Critical real,consistent,entailment_real
c9cd7e7d-d7e3-46a0-9cb1-99d525a451e5,all data and statistics are based on publicly available data at the time of publication. some information may be out of date. visit our coronavirus hub and follow our live updates page for the most recent information on the covid-19 outbreak. as the number of covid-19 cases continues to rise in the u.s. the cdc have been keeping track of which groups face the greatest risk of exposure to the virus and which are most likely to experience severe symptoms of the resulting illness. in a new offic. ,The CDC is monitoring the increasing number of COVID-19 cases in the US and identifying high-risk groups for exposure and severe symptoms. Stay informed with live updates on the outbreak through our coronavirus hub. All data is sourced from current public information.,gpt-3.5-turbo-0125,48,93,188,236,real,AI Machine,real,news article,pre-GPT,CoAID,not-entailment,not-entailment_real,0.943151951,0.908215523,0.87734592,0.892513931,0.115466237,Critical,Critical real,consistent,entailment_real
